Time,Velocity,Acceleration,Position
0,1,0.001,5
0.001,1.000001,0.001,5.0010000005
0.002,1.000002,0.001,5.0020000020
0.003,1.000003,0.001,5.0030000045
0.004,1.000004,0.001,5.0040000080
0.005,1.000005,0.001,5.0050000125
0.006,1.000006,0.001,5.0060000180
0.007,1.000007,0.001,5.0070000245
0.008,1.000008,0.001,5.0080000320
0.009,1.000009,0.001,5.0090000405
0.01,1.00001,0.001,5.0100000500
0.011,1.000011,0.001,5.0110000605
0.012,1.000012,0.001,5.0120000720
0.013,1.000013,0.001,5.0130000845
0.014,1.000014,0.001,5.0140000980
0.015,1.000015,0.001,5.0150001125
0.016,1.000016,0.001,5.0160001280
0.017,1.000017,0.001,5.0170001445
0.018,1.000018,0.001,5.0180001620
0.019,1.000019,0.001,5.0190001805
0.02,1.00002,0.001,5.0200002000
0.021,1.000021,0.001,5.0210002205
0.022,1.000022,0.001,5.0220002420
0.023,1.000023,0.001,5.0230002645
0.024,1.000024,0.001,5.0240002880
0.025,1.000025,0.001,5.0250003125
0.026,1.000026,0.001,5.0260003380
0.027,1.000027,0.001,5.0270003645
0.028,1.000028,0.001,5.0280003920
0.029,1.000029,0.001,5.0290004205
0.03,1.00003,0.001,5.0300004500
0.031,1.000031,0.001,5.0310004805
0.032,1.000032,0.001,5.0320005120
0.033,1.000033,0.001,5.0330005445
0.034,1.000034,0.001,5.0340005780
0.035,1.000035,0.001,5.0350006125
0.036,1.000036,0.001,5.0360006480
0.037,1.000037,0.001,5.0370006845
0.038,1.000038,0.001,5.0380007220
0.039,1.000039,0.001,5.0390007605
0.04,1.00004,0.001,5.0400008000
0.041,1.000041,0.001,5.0410008405
0.042,1.000042,0.001,5.0420008820
0.043,1.000043,0.001,5.0430009245
0.044,1.000044,0.001,5.0440009680
0.045,1.000045,0.001,5.0450010125
0.046,1.000046,0.001,5.0460010580
0.047,1.000047,0.001,5.0470011045
0.048,1.000048,0.001,5.0480011520
0.049,1.000049,0.001,5.0490012005
0.05,1.00005,0.001,5.0500012500
0.051,1.000051,0.001,5.0510013005
0.052,1.000052,0.001,5.0520013520
0.053,1.000053,0.001,5.0530014045
0.054,1.000054,0.001,5.0540014580
0.055,1.000055,0.001,5.0550015125
0.056,1.000056,0.001,5.0560015680
0.057,1.000057,0.001,5.0570016245
0.058,1.000058,0.001,5.0580016820
0.059,1.000059,0.001,5.0590017405
0.06,1.00006,0.001,5.0600018000
0.061,1.000061,0.001,5.0610018605
0.062,1.000062,0.001,5.0620019220
0.063,1.000063,0.001,5.0630019845
0.064,1.000064,0.001,5.0640020480
0.065,1.000065,0.001,5.0650021125
0.066,1.000066,0.001,5.0660021780
0.067,1.000067,0.001,5.0670022445
0.068,1.000068,0.001,5.0680023120
0.069,1.000069,0.001,5.0690023805
0.07,1.00007,0.001,5.0700024500
0.071,1.000071,0.001,5.0710025205
0.072,1.000072,0.001,5.0720025920
0.073,1.000073,0.001,5.0730026645
0.074,1.000074,0.001,5.0740027380
0.075,1.000075,0.001,5.0750028125
0.076,1.000076,0.001,5.0760028880
0.077,1.000077,0.001,5.0770029645
0.078,1.000078,0.001,5.0780030420
0.079,1.000079,0.001,5.0790031205
0.08,1.00008,0.001,5.0800032000
0.081,1.000081,0.001,5.0810032805
0.082,1.000082,0.001,5.0820033620
0.083,1.000083,0.001,5.0830034445
0.084,1.000084,0.001,5.0840035280
0.085,1.000085,0.001,5.0850036125
0.086,1.000086,0.001,5.0860036980
0.087,1.000087,0.001,5.0870037845
0.088,1.000088,0.001,5.0880038720
0.089,1.000089,0.001,5.0890039605
0.09,1.00009,0.001,5.0900040500
0.091,1.000091,0.001,5.0910041405
0.092,1.000092,0.001,5.0920042320
0.093,1.000093,0.001,5.0930043245
0.094,1.000094,0.001,5.0940044180
0.095,1.000095,0.001,5.0950045125
0.096,1.000096,0.001,5.0960046080
0.097,1.000097,0.001,5.0970047045
0.098,1.000098,0.001,5.0980048020
0.099,1.000099,0.001,5.0990049005
0.1,1.0001,0.001,5.1000050000
0.101,1.000101,0.001,5.1010051005
0.102,1.000102,0.001,5.1020052020
0.103,1.000103,0.001,5.1030053045
0.104,1.000104,0.001,5.1040054080
0.105,1.000105,0.001,5.1050055125
0.106,1.000106,0.001,5.1060056180
0.107,1.000107,0.001,5.1070057245
0.108,1.000108,0.001,5.1080058320
0.109,1.000109,0.001,5.1090059405
0.11,1.00011,0.001,5.1100060500
0.111,1.000111,0.001,5.1110061605
0.112,1.000112,0.001,5.1120062720
0.113,1.000113,0.001,5.1130063845
0.114,1.000114,0.001,5.1140064980
0.115,1.000115,0.001,5.1150066125
0.116,1.000116,0.001,5.1160067280
0.117,1.000117,0.001,5.1170068445
0.118,1.000118,0.001,5.1180069620
0.119,1.000119,0.001,5.1190070805
0.12,1.00012,0.001,5.1200072000
0.121,1.000121,0.001,5.1210073205
0.122,1.000122,0.001,5.1220074420
0.123,1.000123,0.001,5.1230075645
0.124,1.000124,0.001,5.1240076880
0.125,1.000125,0.001,5.1250078125
0.126,1.000126,0.001,5.1260079380
0.127,1.000127,0.001,5.1270080645
0.128,1.000128,0.001,5.1280081920
0.129,1.000129,0.001,5.1290083205
0.13,1.00013,0.001,5.1300084500
0.131,1.000131,0.001,5.1310085805
0.132,1.000132,0.001,5.1320087120
0.133,1.000133,0.001,5.1330088445
0.134,1.000134,0.001,5.1340089780
0.135,1.000135,0.001,5.1350091125
0.136,1.000136,0.001,5.1360092480
0.137,1.000137,0.001,5.1370093845
0.138,1.000138,0.001,5.1380095220
0.139,1.000139,0.001,5.1390096605
0.14,1.00014,0.001,5.1400098000
0.141,1.000141,0.001,5.1410099405
0.142,1.000142,0.001,5.1420100820
0.143,1.000143,0.001,5.1430102245
0.144,1.000144,0.001,5.1440103680
0.145,1.000145,0.001,5.1450105125
0.146,1.000146,0.001,5.1460106580
0.147,1.000147,0.001,5.1470108045
0.148,1.000148,0.001,5.1480109520
0.149,1.000149,0.001,5.1490111005
0.15,1.00015,0.001,5.1500112500
0.151,1.000151,0.001,5.1510114005
0.152,1.000152,0.001,5.1520115520
0.153,1.000153,0.001,5.1530117045
0.154,1.000154,0.001,5.1540118580
0.155,1.000155,0.001,5.1550120125
0.156,1.000156,0.001,5.1560121680
0.157,1.000157,0.001,5.1570123245
0.158,1.000158,0.001,5.1580124820
0.159,1.000159,0.001,5.1590126405
0.16,1.00016,0.001,5.1600128000
0.161,1.000161,0.001,5.1610129605
0.162,1.000162,0.001,5.1620131220
0.163,1.000163,0.001,5.1630132845
0.164,1.000164,0.001,5.1640134480
0.165,1.000165,0.001,5.1650136125
0.166,1.000166,0.001,5.1660137780
0.167,1.000167,0.001,5.1670139445
0.168,1.000168,0.001,5.1680141120
0.169,1.000169,0.001,5.1690142805
0.17,1.00017,0.001,5.1700144500
0.171,1.000171,0.001,5.1710146205
0.172,1.000172,0.001,5.1720147920
0.173,1.000173,0.001,5.1730149645
0.174,1.000174,0.001,5.1740151380
0.175,1.000175,0.001,5.1750153125
0.176,1.000176,0.001,5.1760154880
0.177,1.000177,0.001,5.1770156645
0.178,1.000178,0.001,5.1780158420
0.179,1.000179,0.001,5.1790160205
0.18,1.00018,0.001,5.1800162000
0.181,1.000181,0.001,5.1810163805
0.182,1.000182,0.001,5.1820165620
0.183,1.000183,0.001,5.1830167445
0.184,1.000184,0.001,5.1840169280
0.185,1.000185,0.001,5.1850171125
0.186,1.000186,0.001,5.1860172980
0.187,1.000187,0.001,5.1870174845
0.188,1.000188,0.001,5.1880176720
0.189,1.000189,0.001,5.1890178605
0.19,1.00019,0.001,5.1900180500
0.191,1.000191,0.001,5.1910182405
0.192,1.000192,0.001,5.1920184320
0.193,1.000193,0.001,5.1930186245
0.194,1.000194,0.001,5.1940188180
0.195,1.000195,0.001,5.1950190125
0.196,1.000196,0.001,5.1960192080
0.197,1.000197,0.001,5.1970194045
0.198,1.000198,0.001,5.1980196020
0.199,1.000199,0.001,5.1990198005
0.2,1.0002,0.001,5.2000200000
0.201,1.000201,0.001,5.2010202005
0.202,1.000202,0.001,5.2020204020
0.203,1.000203,0.001,5.2030206045
0.204,1.000204,0.001,5.2040208080
0.205,1.000205,0.001,5.2050210125
0.206,1.000206,0.001,5.2060212180
0.207,1.000207,0.001,5.2070214245
0.208,1.000208,0.001,5.2080216320
0.209,1.000209,0.001,5.2090218405
0.21,1.00021,0.001,5.2100220500
0.211,1.000211,0.001,5.2110222605
0.212,1.000212,0.001,5.2120224720
0.213,1.000213,0.001,5.2130226845
0.214,1.000214,0.001,5.2140228980
0.215,1.000215,0.001,5.2150231125
0.216,1.000216,0.001,5.2160233280
0.217,1.000217,0.001,5.2170235445
0.218,1.000218,0.001,5.2180237620
0.219,1.000219,0.001,5.2190239805
0.22,1.00022,0.001,5.2200242000
0.221,1.000221,0.001,5.2210244205
0.222,1.000222,0.001,5.2220246420
0.223,1.000223,0.001,5.2230248645
0.224,1.000224,0.001,5.2240250880
0.225,1.000225,0.001,5.2250253125
0.226,1.000226,0.001,5.2260255380
0.227,1.000227,0.001,5.2270257645
0.228,1.000228,0.001,5.2280259920
0.229,1.000229,0.001,5.2290262205
0.23,1.00023,0.001,5.2300264500
0.231,1.000231,0.001,5.2310266805
0.232,1.000232,0.001,5.2320269120
0.233,1.000233,0.001,5.2330271445
0.234,1.000234,0.001,5.2340273780
0.235,1.000235,0.001,5.2350276125
0.236,1.000236,0.001,5.2360278480
0.237,1.000237,0.001,5.2370280845
0.238,1.000238,0.001,5.2380283220
0.239,1.000239,0.001,5.2390285605
0.24,1.00024,0.001,5.2400288000
0.241,1.000241,0.001,5.2410290405
0.242,1.000242,0.001,5.2420292820
0.243,1.000243,0.001,5.2430295245
0.244,1.000244,0.001,5.2440297680
0.245,1.000245,0.001,5.2450300125
0.246,1.000246,0.001,5.2460302580
0.247,1.000247,0.001,5.2470305045
0.248,1.000248,0.001,5.2480307520
0.249,1.000249,0.001,5.2490310005
0.25,1.00025,0.001,5.2500312500
0.251,1.000251,0.001,5.2510315005
0.252,1.000252,0.001,5.2520317520
0.253,1.000253,0.001,5.2530320045
0.254,1.000254,0.001,5.2540322580
0.255,1.000255,0.001,5.2550325125
0.256,1.000256,0.001,5.2560327680
0.257,1.000257,0.001,5.2570330245
0.258,1.000258,0.001,5.2580332820
0.259,1.000259,0.001,5.2590335405
0.26,1.00026,0.001,5.2600338000
0.261,1.000261,0.001,5.2610340605
0.262,1.000262,0.001,5.2620343220
0.263,1.000263,0.001,5.2630345845
0.264,1.000264,0.001,5.2640348480
0.265,1.000265,0.001,5.2650351125
0.266,1.000266,0.001,5.2660353780
0.267,1.000267,0.001,5.2670356445
0.268,1.000268,0.001,5.2680359120
0.269,1.000269,0.001,5.2690361805
0.27,1.00027,0.001,5.2700364500
0.271,1.000271,0.001,5.2710367205
0.272,1.000272,0.001,5.2720369920
0.273,1.000273,0.001,5.2730372645
0.274,1.000274,0.001,5.2740375380
0.275,1.000275,0.001,5.2750378125
0.276,1.000276,0.001,5.2760380880
0.277,1.000277,0.001,5.2770383645
0.278,1.000278,0.001,5.2780386420
0.279,1.000279,0.001,5.2790389205
0.28,1.00028,0.001,5.2800392000
0.281,1.000281,0.001,5.2810394805
0.282,1.000282,0.001,5.2820397620
0.283,1.000283,0.001,5.2830400445
0.284,1.000284,0.001,5.2840403280
0.285,1.000285,0.001,5.2850406125
0.286,1.000286,0.001,5.2860408980
0.287,1.000287,0.001,5.2870411845
0.288,1.000288,0.001,5.2880414720
0.289,1.000289,0.001,5.2890417605
0.29,1.00029,0.001,5.2900420500
0.291,1.000291,0.001,5.2910423405
0.292,1.000292,0.001,5.2920426320
0.293,1.000293,0.001,5.2930429245
0.294,1.000294,0.001,5.2940432180
0.295,1.000295,0.001,5.2950435125
0.296,1.000296,0.001,5.2960438080
0.297,1.000297,0.001,5.2970441045
0.298,1.000298,0.001,5.2980444020
0.299,1.000299,0.001,5.2990447005
0.3,1.0003,0.001,5.3000450000
0.301,1.000301,0.001,5.3010453005
0.302,1.000302,0.001,5.3020456020
0.303,1.000303,0.001,5.3030459045
0.304,1.000304,0.001,5.3040462080
0.305,1.000305,0.001,5.3050465125
0.306,1.000306,0.001,5.3060468180
0.307,1.000307,0.001,5.3070471245
0.308,1.000308,0.001,5.3080474320
0.309,1.000309,0.001,5.3090477405
0.31,1.00031,0.001,5.3100480500
0.311,1.000311,0.001,5.3110483605
0.312,1.000312,0.001,5.3120486720
0.313,1.000313,0.001,5.3130489845
0.314,1.000314,0.001,5.3140492980
0.315,1.000315,0.001,5.3150496125
0.316,1.000316,0.001,5.3160499280
0.317,1.000317,0.001,5.3170502445
0.318,1.000318,0.001,5.3180505620
0.319,1.000319,0.001,5.3190508805
0.32,1.00032,0.001,5.3200512000
0.321,1.000321,0.001,5.3210515205
0.322,1.000322,0.001,5.3220518420
0.323,1.000323,0.001,5.3230521645
0.324,1.000324,0.001,5.3240524880
0.325,1.000325,0.001,5.3250528125
0.326,1.000326,0.001,5.3260531380
0.327,1.000327,0.001,5.3270534645
0.328,1.000328,0.001,5.3280537920
0.329,1.000329,0.001,5.3290541205
0.33,1.00033,0.001,5.3300544500
0.331,1.000331,0.001,5.3310547805
0.332,1.000332,0.001,5.3320551120
0.333,1.000333,0.001,5.3330554445
0.334,1.000334,0.001,5.3340557780
0.335,1.000335,0.001,5.3350561125
0.336,1.000336,0.001,5.3360564480
0.337,1.000337,0.001,5.3370567845
0.338,1.000338,0.001,5.3380571220
0.339,1.000339,0.001,5.3390574605
0.34,1.00034,0.001,5.3400578000
0.341,1.000341,0.001,5.3410581405
0.342,1.000342,0.001,5.3420584820
0.343,1.000343,0.001,5.3430588245
0.344,1.000344,0.001,5.3440591680
0.345,1.000345,0.001,5.3450595125
0.346,1.000346,0.001,5.3460598580
0.347,1.000347,0.001,5.3470602045
0.348,1.000348,0.001,5.3480605520
0.349,1.000349,0.001,5.3490609005
0.35,1.00035,0.001,5.3500612500
0.351,1.000351,0.001,5.3510616005
0.352,1.000352,0.001,5.3520619520
0.353,1.000353,0.001,5.3530623045
0.354,1.000354,0.001,5.3540626580
0.355,1.000355,0.001,5.3550630125
0.356,1.000356,0.001,5.3560633680
0.357,1.000357,0.001,5.3570637245
0.358,1.000358,0.001,5.3580640820
0.359,1.000359,0.001,5.3590644405
0.36,1.00036,0.001,5.3600648000
0.361,1.000361,0.001,5.3610651605
0.362,1.000362,0.001,5.3620655220
0.363,1.000363,0.001,5.3630658845
0.364,1.000364,0.001,5.3640662480
0.365,1.000365,0.001,5.3650666125
0.366,1.000366,0.001,5.3660669780
0.367,1.000367,0.001,5.3670673445
0.368,1.000368,0.001,5.3680677120
0.369,1.000369,0.001,5.3690680805
0.37,1.00037,0.001,5.3700684500
0.371,1.000371,0.001,5.3710688205
0.372,1.000372,0.001,5.3720691920
0.373,1.000373,0.001,5.3730695645
0.374,1.000374,0.001,5.3740699380
0.375,1.000375,0.001,5.3750703125
0.376,1.000376,0.001,5.3760706880
0.377,1.000377,0.001,5.3770710645
0.378,1.000378,0.001,5.3780714420
0.379,1.000379,0.001,5.3790718205
0.38,1.00038,0.001,5.3800722000
0.381,1.000381,0.001,5.3810725805
0.382,1.000382,0.001,5.3820729620
0.383,1.000383,0.001,5.3830733445
0.384,1.000384,0.001,5.3840737280
0.385,1.000385,0.001,5.3850741125
0.386,1.000386,0.001,5.3860744980
0.387,1.000387,0.001,5.3870748845
0.388,1.000388,0.001,5.3880752720
0.389,1.000389,0.001,5.3890756605
0.39,1.00039,0.001,5.3900760500
0.391,1.000391,0.001,5.3910764405
0.392,1.000392,0.001,5.3920768320
0.393,1.000393,0.001,5.3930772245
0.394,1.000394,0.001,5.3940776180
0.395,1.000395,0.001,5.3950780125
0.396,1.000396,0.001,5.3960784080
0.397,1.000397,0.001,5.3970788045
0.398,1.000398,0.001,5.3980792020
0.399,1.000399,0.001,5.3990796005
0.4,1.0004,0.001,5.4000800000
0.401,1.000401,0.001,5.4010804005
0.402,1.000402,0.001,5.4020808020
0.403,1.000403,0.001,5.4030812045
0.404,1.000404,0.001,5.4040816080
0.405,1.000405,0.001,5.4050820125
0.406,1.000406,0.001,5.4060824180
0.407,1.000407,0.001,5.4070828245
0.408,1.000408,0.001,5.4080832320
0.409,1.000409,0.001,5.4090836405
0.41,1.00041,0.001,5.4100840500
0.411,1.000411,0.001,5.4110844605
0.412,1.000412,0.001,5.4120848720
0.413,1.000413,0.001,5.4130852845
0.414,1.000414,0.001,5.4140856980
0.415,1.000415,0.001,5.4150861125
0.416,1.000416,0.001,5.4160865280
0.417,1.000417,0.001,5.4170869445
0.418,1.000418,0.001,5.4180873620
0.419,1.000419,0.001,5.4190877805
0.42,1.00042,0.001,5.4200882000
0.421,1.000421,0.001,5.4210886205
0.422,1.000422,0.001,5.4220890420
0.423,1.000423,0.001,5.4230894645
0.424,1.000424,0.001,5.4240898880
0.425,1.000425,0.001,5.4250903125
0.426,1.000426,0.001,5.4260907380
0.427,1.000427,0.001,5.4270911645
0.428,1.000428,0.001,5.4280915920
0.429,1.000429,0.001,5.4290920205
0.43,1.00043,0.001,5.4300924500
0.431,1.000431,0.001,5.4310928805
0.432,1.000432,0.001,5.4320933120
0.433,1.000433,0.001,5.4330937445
0.434,1.000434,0.001,5.4340941780
0.435,1.000435,0.001,5.4350946125
0.436,1.000436,0.001,5.4360950480
0.437,1.000437,0.001,5.4370954845
0.438,1.000438,0.001,5.4380959220
0.439,1.000439,0.001,5.4390963605
0.44,1.00044,0.001,5.4400968000
0.441,1.000441,0.001,5.4410972405
0.442,1.000442,0.001,5.4420976820
0.443,1.000443,0.001,5.4430981245
0.444,1.000444,0.001,5.4440985680
0.445,1.000445,0.001,5.4450990125
0.446,1.000446,0.001,5.4460994580
0.447,1.000447,0.001,5.4470999045
0.448,1.000448,0.001,5.4481003520
0.449,1.000449,0.001,5.4491008005
0.45,1.00045,0.001,5.4501012500
0.451,1.000451,0.001,5.4511017005
0.452,1.000452,0.001,5.4521021520
0.453,1.000453,0.001,5.4531026045
0.454,1.000454,0.001,5.4541030580
0.455,1.000455,0.001,5.4551035125
0.456,1.000456,0.001,5.4561039680
0.457,1.000457,0.001,5.4571044245
0.458,1.000458,0.001,5.4581048820
0.459,1.000459,0.001,5.4591053405
0.46,1.00046,0.001,5.4601058000
0.461,1.000461,0.001,5.4611062605
0.462,1.000462,0.001,5.4621067220
0.463,1.000463,0.001,5.4631071845
0.464,1.000464,0.001,5.4641076480
0.465,1.000465,0.001,5.4651081125
0.466,1.000466,0.001,5.4661085780
0.467,1.000467,0.001,5.4671090445
0.468,1.000468,0.001,5.4681095120
0.469,1.000469,0.001,5.4691099805
0.47,1.00047,0.001,5.4701104500
0.471,1.000471,0.001,5.4711109205
0.472,1.000472,0.001,5.4721113920
0.473,1.000473,0.001,5.4731118645
0.474,1.000474,0.001,5.4741123380
0.475,1.000475,0.001,5.4751128125
0.476,1.000476,0.001,5.4761132880
0.477,1.000477,0.001,5.4771137645
0.478,1.000478,0.001,5.4781142420
0.479,1.000479,0.001,5.4791147205
0.48,1.00048,0.001,5.4801152000
0.481,1.000481,0.001,5.4811156805
0.482,1.000482,0.001,5.4821161620
0.483,1.000483,0.001,5.4831166445
0.484,1.000484,0.001,5.4841171280
0.485,1.000485,0.001,5.4851176125
0.486,1.000486,0.001,5.4861180980
0.487,1.000487,0.001,5.4871185845
0.488,1.000488,0.001,5.4881190720
0.489,1.000489,0.001,5.4891195605
0.49,1.00049,0.001,5.4901200500
0.491,1.000491,0.001,5.4911205405
0.492,1.000492,0.001,5.4921210320
0.493,1.000493,0.001,5.4931215245
0.494,1.000494,0.001,5.4941220180
0.495,1.000495,0.001,5.4951225125
0.496,1.000496,0.001,5.4961230080
0.497,1.000497,0.001,5.4971235045
0.498,1.000498,0.001,5.4981240020
0.499,1.000499,0.001,5.4991245005
0.5,1.0005,0.001,5.5001250000
0.501,1.000501,0.001,5.5011255005
0.502,1.000502,0.001,5.5021260020
0.503,1.000503,0.001,5.5031265045
0.504,1.000504,0.001,5.5041270080
0.505,1.000505,0.001,5.5051275125
0.506,1.000506,0.001,5.5061280180
0.507,1.000507,0.001,5.5071285245
0.508,1.000508,0.001,5.5081290320
0.509,1.000509,0.001,5.5091295405
0.51,1.00051,0.001,5.5101300500
0.511,1.000511,0.001,5.5111305605
0.512,1.000512,0.001,5.5121310720
0.513,1.000513,0.001,5.5131315845
0.514,1.000514,0.001,5.5141320980
0.515,1.000515,0.001,5.5151326125
0.516,1.000516,0.001,5.5161331280
0.517,1.000517,0.001,5.5171336445
0.518,1.000518,0.001,5.5181341620
0.519,1.000519,0.001,5.5191346805
0.52,1.00052,0.001,5.5201352000
0.521,1.000521,0.001,5.5211357205
0.522,1.000522,0.001,5.5221362420
0.523,1.000523,0.001,5.5231367645
0.524,1.000524,0.001,5.5241372880
0.525,1.000525,0.001,5.5251378125
0.526,1.000526,0.001,5.5261383380
0.527,1.000527,0.001,5.5271388645
0.528,1.000528,0.001,5.5281393920
0.529,1.000529,0.001,5.5291399205
0.53,1.00053,0.001,5.5301404500
0.531,1.000531,0.001,5.5311409805
0.532,1.000532,0.001,5.5321415120
0.533,1.000533,0.001,5.5331420445
0.534,1.000534,0.001,5.5341425780
0.535,1.000535,0.001,5.5351431125
0.536,1.000536,0.001,5.5361436480
0.537,1.000537,0.001,5.5371441845
0.538,1.000538,0.001,5.5381447220
0.539,1.000539,0.001,5.5391452605
0.54,1.00054,0.001,5.5401458000
0.541,1.000541,0.001,5.5411463405
0.542,1.000542,0.001,5.5421468820
0.543,1.000543,0.001,5.5431474245
0.544,1.000544,0.001,5.5441479680
0.545,1.000545,0.001,5.5451485125
0.546,1.000546,0.001,5.5461490580
0.547,1.000547,0.001,5.5471496045
0.548,1.000548,0.001,5.5481501520
0.549,1.000549,0.001,5.5491507005
0.55,1.00055,0.001,5.5501512500
0.551,1.000551,0.001,5.5511518005
0.552,1.000552,0.001,5.5521523520
0.553,1.000553,0.001,5.5531529045
0.554,1.000554,0.001,5.5541534580
0.555,1.000555,0.001,5.5551540125
0.556,1.000556,0.001,5.5561545680
0.557,1.000557,0.001,5.5571551245
0.558,1.000558,0.001,5.5581556820
0.559,1.000559,0.001,5.5591562405
0.56,1.00056,0.001,5.5601568000
0.561,1.000561,0.001,5.5611573605
0.562,1.000562,0.001,5.5621579220
0.563,1.000563,0.001,5.5631584845
0.564,1.000564,0.001,5.5641590480
0.565,1.000565,0.001,5.5651596125
0.566,1.000566,0.001,5.5661601780
0.567,1.000567,0.001,5.5671607445
0.568,1.000568,0.001,5.5681613120
0.569,1.000569,0.001,5.5691618805
0.57,1.00057,0.001,5.5701624500
0.571,1.000571,0.001,5.5711630205
0.572,1.000572,0.001,5.5721635920
0.573,1.000573,0.001,5.5731641645
0.574,1.000574,0.001,5.5741647380
0.575,1.000575,0.001,5.5751653125
0.576,1.000576,0.001,5.5761658880
0.577,1.000577,0.001,5.5771664645
0.578,1.000578,0.001,5.5781670420
0.579,1.000579,0.001,5.5791676205
0.58,1.00058,0.001,5.5801682000
0.581,1.000581,0.001,5.5811687805
0.582,1.000582,0.001,5.5821693620
0.583,1.000583,0.001,5.5831699445
0.584,1.000584,0.001,5.5841705280
0.585,1.000585,0.001,5.5851711125
0.586,1.000586,0.001,5.5861716980
0.587,1.000587,0.001,5.5871722845
0.588,1.000588,0.001,5.5881728720
0.589,1.000589,0.001,5.5891734605
0.59,1.00059,0.001,5.5901740500
0.591,1.000591,0.001,5.5911746405
0.592,1.000592,0.001,5.5921752320
0.593,1.000593,0.001,5.5931758245
0.594,1.000594,0.001,5.5941764180
0.595,1.000595,0.001,5.5951770125
0.596,1.000596,0.001,5.5961776080
0.597,1.000597,0.001,5.5971782045
0.598,1.000598,0.001,5.5981788020
0.599,1.000599,0.001,5.5991794005
0.6,1.0006,0.001,5.6001800000
0.601,1.000601,0.001,5.6011806005
0.602,1.000602,0.001,5.6021812020
0.603,1.000603,0.001,5.6031818045
0.604,1.000604,0.001,5.6041824080
0.605,1.000605,0.001,5.6051830125
0.606,1.000606,0.001,5.6061836180
0.607,1.000607,0.001,5.6071842245
0.608,1.000608,0.001,5.6081848320
0.609,1.000609,0.001,5.6091854405
0.61,1.00061,0.001,5.6101860500
0.611,1.000611,0.001,5.6111866605
0.612,1.000612,0.001,5.6121872720
0.613,1.000613,0.001,5.6131878845
0.614,1.000614,0.001,5.6141884980
0.615,1.000615,0.001,5.6151891125
0.616,1.000616,0.001,5.6161897280
0.617,1.000617,0.001,5.6171903445
0.618,1.000618,0.001,5.6181909620
0.619,1.000619,0.001,5.6191915805
0.62,1.00062,0.001,5.6201922000
0.621,1.000621,0.001,5.6211928205
0.622,1.000622,0.001,5.6221934420
0.623,1.000623,0.001,5.6231940645
0.624,1.000624,0.001,5.6241946880
0.625,1.000625,0.001,5.6251953125
0.626,1.000626,0.001,5.6261959380
0.627,1.000627,0.001,5.6271965645
0.628,1.000628,0.001,5.6281971920
0.629,1.000629,0.001,5.6291978205
0.63,1.00063,0.001,5.6301984500
0.631,1.000631,0.001,5.6311990805
0.632,1.000632,0.001,5.6321997120
0.633,1.000633,0.001,5.6332003445
0.634,1.000634,0.001,5.6342009780
0.635,1.000635,0.001,5.6352016125
0.636,1.000636,0.001,5.6362022480
0.637,1.000637,0.001,5.6372028845
0.638,1.000638,0.001,5.6382035220
0.639,1.000639,0.001,5.6392041605
0.64,1.00064,0.001,5.6402048000
0.641,1.000641,0.001,5.6412054405
0.642,1.000642,0.001,5.6422060820
0.643,1.000643,0.001,5.6432067245
0.644,1.000644,0.001,5.6442073680
0.645,1.000645,0.001,5.6452080125
0.646,1.000646,0.001,5.6462086580
0.647,1.000647,0.001,5.6472093045
0.648,1.000648,0.001,5.6482099520
0.649,1.000649,0.001,5.6492106005
0.65,1.00065,0.001,5.6502112500
0.651,1.000651,0.001,5.6512119005
0.652,1.000652,0.001,5.6522125520
0.653,1.000653,0.001,5.6532132045
0.654,1.000654,0.001,5.6542138580
0.655,1.000655,0.001,5.6552145125
0.656,1.000656,0.001,5.6562151680
0.657,1.000657,0.001,5.6572158245
0.658,1.000658,0.001,5.6582164820
0.659,1.000659,0.001,5.6592171405
0.66,1.00066,0.001,5.6602178000
0.661,1.000661,0.001,5.6612184605
0.662,1.000662,0.001,5.6622191220
0.663,1.000663,0.001,5.6632197845
0.664,1.000664,0.001,5.6642204480
0.665,1.000665,0.001,5.6652211125
0.666,1.000666,0.001,5.6662217780
0.667,1.000667,0.001,5.6672224445
0.668,1.000668,0.001,5.6682231120
0.669,1.000669,0.001,5.6692237805
0.67,1.00067,0.001,5.6702244500
0.671,1.000671,0.001,5.6712251205
0.672,1.000672,0.001,5.6722257920
0.673,1.000673,0.001,5.6732264645
0.674,1.000674,0.001,5.6742271380
0.675,1.000675,0.001,5.6752278125
0.676,1.000676,0.001,5.6762284880
0.677,1.000677,0.001,5.6772291645
0.678,1.000678,0.001,5.6782298420
0.679,1.000679,0.001,5.6792305205
0.68,1.00068,0.001,5.6802312000
0.681,1.000681,0.001,5.6812318805
0.682,1.000682,0.001,5.6822325620
0.683,1.000683,0.001,5.6832332445
0.684,1.000684,0.001,5.6842339280
0.685,1.000685,0.001,5.6852346125
0.686,1.000686,0.001,5.6862352980
0.687,1.000687,0.001,5.6872359845
0.688,1.000688,0.001,5.6882366720
0.689,1.000689,0.001,5.6892373605
0.69,1.00069,0.001,5.6902380500
0.691,1.000691,0.001,5.6912387405
0.692,1.000692,0.001,5.6922394320
0.693,1.000693,0.001,5.6932401245
0.694,1.000694,0.001,5.6942408180
0.695,1.000695,0.001,5.6952415125
0.696,1.000696,0.001,5.6962422080
0.697,1.000697,0.001,5.6972429045
0.698,1.000698,0.001,5.6982436020
0.699,1.000699,0.001,5.6992443005
0.7,1.0007,0.001,5.7002450000
0.701,1.000701,0.001,5.7012457005
0.702,1.000702,0.001,5.7022464020
0.703,1.000703,0.001,5.7032471045
0.704,1.000704,0.001,5.7042478080
0.705,1.000705,0.001,5.7052485125
0.706,1.000706,0.001,5.7062492180
0.707,1.000707,0.001,5.7072499245
0.708,1.000708,0.001,5.7082506320
0.709,1.000709,0.001,5.7092513405
0.71,1.00071,0.001,5.7102520500
0.711,1.000711,0.001,5.7112527605
0.712,1.000712,0.001,5.7122534720
0.713,1.000713,0.001,5.7132541845
0.714,1.000714,0.001,5.7142548980
0.715,1.000715,0.001,5.7152556125
0.716,1.000716,0.001,5.7162563280
0.717,1.000717,0.001,5.7172570445
0.718,1.000718,0.001,5.7182577620
0.719,1.000719,0.001,5.7192584805
0.72,1.00072,0.001,5.7202592000
0.721,1.000721,0.001,5.7212599205
0.722,1.000722,0.001,5.7222606420
0.723,1.000723,0.001,5.7232613645
0.724,1.000724,0.001,5.7242620880
0.725,1.000725,0.001,5.7252628125
0.726,1.000726,0.001,5.7262635380
0.727,1.000727,0.001,5.7272642645
0.728,1.000728,0.001,5.7282649920
0.729,1.000729,0.001,5.7292657205
0.73,1.00073,0.001,5.7302664500
0.731,1.000731,0.001,5.7312671805
0.732,1.000732,0.001,5.7322679120
0.733,1.000733,0.001,5.7332686445
0.734,1.000734,0.001,5.7342693780
0.735,1.000735,0.001,5.7352701125
0.736,1.000736,0.001,5.7362708480
0.737,1.000737,0.001,5.7372715845
0.738,1.000738,0.001,5.7382723220
0.739,1.000739,0.001,5.7392730605
0.74,1.00074,0.001,5.7402738000
0.741,1.000741,0.001,5.7412745405
0.742,1.000742,0.001,5.7422752820
0.743,1.000743,0.001,5.7432760245
0.744,1.000744,0.001,5.7442767680
0.745,1.000745,0.001,5.7452775125
0.746,1.000746,0.001,5.7462782580
0.747,1.000747,0.001,5.7472790045
0.748,1.000748,0.001,5.7482797520
0.749,1.000749,0.001,5.7492805005
0.75,1.00075,0.001,5.7502812500
0.751,1.000751,0.001,5.7512820005
0.752,1.000752,0.001,5.7522827520
0.753,1.000753,0.001,5.7532835045
0.754,1.000754,0.001,5.7542842580
0.755,1.000755,0.001,5.7552850125
0.756,1.000756,0.001,5.7562857680
0.757,1.000757,0.001,5.7572865245
0.758,1.000758,0.001,5.7582872820
0.759,1.000759,0.001,5.7592880405
0.76,1.00076,0.001,5.7602888000
0.761,1.000761,0.001,5.7612895605
0.762,1.000762,0.001,5.7622903220
0.763,1.000763,0.001,5.7632910845
0.764,1.000764,0.001,5.7642918480
0.765,1.000765,0.001,5.7652926125
0.766,1.000766,0.001,5.7662933780
0.767,1.000767,0.001,5.7672941445
0.768,1.000768,0.001,5.7682949120
0.769,1.000769,0.001,5.7692956805
0.77,1.00077,0.001,5.7702964500
0.771,1.000771,0.001,5.7712972205
0.772,1.000772,0.001,5.7722979920
0.773,1.000773,0.001,5.7732987645
0.774,1.000774,0.001,5.7742995380
0.775,1.000775,0.001,5.7753003125
0.776,1.000776,0.001,5.7763010880
0.777,1.000777,0.001,5.7773018645
0.778,1.000778,0.001,5.7783026420
0.779,1.000779,0.001,5.7793034205
0.78,1.00078,0.001,5.7803042000
0.781,1.000781,0.001,5.7813049805
0.782,1.000782,0.001,5.7823057620
0.783,1.000783,0.001,5.7833065445
0.784,1.000784,0.001,5.7843073280
0.785,1.000785,0.001,5.7853081125
0.786,1.000786,0.001,5.7863088980
0.787,1.000787,0.001,5.7873096845
0.788,1.000788,0.001,5.7883104720
0.789,1.000789,0.001,5.7893112605
0.79,1.00079,0.001,5.7903120500
0.791,1.000791,0.001,5.7913128405
0.792,1.000792,0.001,5.7923136320
0.793,1.000793,0.001,5.7933144245
0.794,1.000794,0.001,5.7943152180
0.795,1.000795,0.001,5.7953160125
0.796,1.000796,0.001,5.7963168080
0.797,1.000797,0.001,5.7973176045
0.798,1.000798,0.001,5.7983184020
0.799,1.000799,0.001,5.7993192005
0.8,1.0008,0.001,5.8003200000
0.801,1.000801,0.001,5.8013208005
0.802,1.000802,0.001,5.8023216020
0.803,1.000803,0.001,5.8033224045
0.804,1.000804,0.001,5.8043232080
0.805,1.000805,0.001,5.8053240125
0.806,1.000806,0.001,5.8063248180
0.807,1.000807,0.001,5.8073256245
0.808,1.000808,0.001,5.8083264320
0.809,1.000809,0.001,5.8093272405
0.81,1.00081,0.001,5.8103280500
0.811,1.000811,0.001,5.8113288605
0.812,1.000812,0.001,5.8123296720
0.813,1.000813,0.001,5.8133304845
0.814,1.000814,0.001,5.8143312980
0.815,1.000815,0.001,5.8153321125
0.816,1.000816,0.001,5.8163329280
0.817,1.000817,0.001,5.8173337445
0.818,1.000818,0.001,5.8183345620
0.819,1.000819,0.001,5.8193353805
0.82,1.00082,0.001,5.8203362000
0.821,1.000821,0.001,5.8213370205
0.822,1.000822,0.001,5.8223378420
0.823,1.000823,0.001,5.8233386645
0.824,1.000824,0.001,5.8243394880
0.825,1.000825,0.001,5.8253403125
0.826,1.000826,0.001,5.8263411380
0.827,1.000827,0.001,5.8273419645
0.828,1.000828,0.001,5.8283427920
0.829,1.000829,0.001,5.8293436205
0.83,1.00083,0.001,5.8303444500
0.831,1.000831,0.001,5.8313452805
0.832,1.000832,0.001,5.8323461120
0.833,1.000833,0.001,5.8333469445
0.834,1.000834,0.001,5.8343477780
0.835,1.000835,0.001,5.8353486125
0.836,1.000836,0.001,5.8363494480
0.837,1.000837,0.001,5.8373502845
0.838,1.000838,0.001,5.8383511220
0.839,1.000839,0.001,5.8393519605
0.84,1.00084,0.001,5.8403528000
0.841,1.000841,0.001,5.8413536405
0.842,1.000842,0.001,5.8423544820
0.843,1.000843,0.001,5.8433553245
0.844,1.000844,0.001,5.8443561680
0.845,1.000845,0.001,5.8453570125
0.846,1.000846,0.001,5.8463578580
0.847,1.000847,0.001,5.8473587045
0.848,1.000848,0.001,5.8483595520
0.849,1.000849,0.001,5.8493604005
0.85,1.00085,0.001,5.8503612500
0.851,1.000851,0.001,5.8513621005
0.852,1.000852,0.001,5.8523629520
0.853,1.000853,0.001,5.8533638045
0.854,1.000854,0.001,5.8543646580
0.855,1.000855,0.001,5.8553655125
0.856,1.000856,0.001,5.8563663680
0.857,1.000857,0.001,5.8573672245
0.858,1.000858,0.001,5.8583680820
0.859,1.000859,0.001,5.8593689405
0.86,1.00086,0.001,5.8603698000
0.861,1.000861,0.001,5.8613706605
0.862,1.000862,0.001,5.8623715220
0.863,1.000863,0.001,5.8633723845
0.864,1.000864,0.001,5.8643732480
0.865,1.000865,0.001,5.8653741125
0.866,1.000866,0.001,5.8663749780
0.867,1.000867,0.001,5.8673758445
0.868,1.000868,0.001,5.8683767120
0.869,1.000869,0.001,5.8693775805
0.87,1.00087,0.001,5.8703784500
0.871,1.000871,0.001,5.8713793205
0.872,1.000872,0.001,5.8723801920
0.873,1.000873,0.001,5.8733810645
0.874,1.000874,0.001,5.8743819380
0.875,1.000875,0.001,5.8753828125
0.876,1.000876,0.001,5.8763836880
0.877,1.000877,0.001,5.8773845645
0.878,1.000878,0.001,5.8783854420
0.879,1.000879,0.001,5.8793863205
0.88,1.00088,0.001,5.8803872000
0.881,1.000881,0.001,5.8813880805
0.882,1.000882,0.001,5.8823889620
0.883,1.000883,0.001,5.8833898445
0.884,1.000884,0.001,5.8843907280
0.885,1.000885,0.001,5.8853916125
0.886,1.000886,0.001,5.8863924980
0.887,1.000887,0.001,5.8873933845
0.888,1.000888,0.001,5.8883942720
0.889,1.000889,0.001,5.8893951605
0.89,1.00089,0.001,5.8903960500
0.891,1.000891,0.001,5.8913969405
0.892,1.000892,0.001,5.8923978320
0.893,1.000893,0.001,5.8933987245
0.894,1.000894,0.001,5.8943996180
0.895,1.000895,0.001,5.8954005125
0.896,1.000896,0.001,5.8964014080
0.897,1.000897,0.001,5.8974023045
0.898,1.000898,0.001,5.8984032020
0.899,1.000899,0.001,5.8994041005
0.9,1.0009,0.001,5.9004050000
0.901,1.000901,0.001,5.9014059005
0.902,1.000902,0.001,5.9024068020
0.903,1.000903,0.001,5.9034077045
0.904,1.000904,0.001,5.9044086080
0.905,1.000905,0.001,5.9054095125
0.906,1.000906,0.001,5.9064104180
0.907,1.000907,0.001,5.9074113245
0.908,1.000908,0.001,5.9084122320
0.909,1.000909,0.001,5.9094131405
0.91,1.00091,0.001,5.9104140500
0.911,1.000911,0.001,5.9114149605
0.912,1.000912,0.001,5.9124158720
0.913,1.000913,0.001,5.9134167845
0.914,1.000914,0.001,5.9144176980
0.915,1.000915,0.001,5.9154186125
0.916,1.000916,0.001,5.9164195280
0.917,1.000917,0.001,5.9174204445
0.918,1.000918,0.001,5.9184213620
0.919,1.000919,0.001,5.9194222805
0.92,1.00092,0.001,5.9204232000
0.921,1.000921,0.001,5.9214241205
0.922,1.000922,0.001,5.9224250420
0.923,1.000923,0.001,5.9234259645
0.924,1.000924,0.001,5.9244268880
0.925,1.000925,0.001,5.9254278125
0.926,1.000926,0.001,5.9264287380
0.927,1.000927,0.001,5.9274296645
0.928,1.000928,0.001,5.9284305920
0.929,1.000929,0.001,5.9294315205
0.93,1.00093,0.001,5.9304324500
0.931,1.000931,0.001,5.9314333805
0.932,1.000932,0.001,5.9324343120
0.933,1.000933,0.001,5.9334352445
0.934,1.000934,0.001,5.9344361780
0.935,1.000935,0.001,5.9354371125
0.936,1.000936,0.001,5.9364380480
0.937,1.000937,0.001,5.9374389845
0.938,1.000938,0.001,5.9384399220
0.939,1.000939,0.001,5.9394408605
0.94,1.00094,0.001,5.9404418000
0.941,1.000941,0.001,5.9414427405
0.942,1.000942,0.001,5.9424436820
0.943,1.000943,0.001,5.9434446245
0.944,1.000944,0.001,5.9444455680
0.945,1.000945,0.001,5.9454465125
0.946,1.000946,0.001,5.9464474580
0.947,1.000947,0.001,5.9474484045
0.948,1.000948,0.001,5.9484493520
0.949,1.000949,0.001,5.9494503005
0.95,1.00095,0.001,5.9504512500
0.951,1.000951,0.001,5.9514522005
0.952,1.000952,0.001,5.9524531520
0.953,1.000953,0.001,5.9534541045
0.954,1.000954,0.001,5.9544550580
0.955,1.000955,0.001,5.9554560125
0.956,1.000956,0.001,5.9564569680
0.957,1.000957,0.001,5.9574579245
0.958,1.000958,0.001,5.9584588820
0.959,1.000959,0.001,5.9594598405
0.96,1.00096,0.001,5.9604608000
0.961,1.000961,0.001,5.9614617605
0.962,1.000962,0.001,5.9624627220
0.963,1.000963,0.001,5.9634636845
0.964,1.000964,0.001,5.9644646480
0.965,1.000965,0.001,5.9654656125
0.966,1.000966,0.001,5.9664665780
0.967,1.000967,0.001,5.9674675445
0.968,1.000968,0.001,5.9684685120
0.969,1.000969,0.001,5.9694694805
0.97,1.00097,0.001,5.9704704500
0.971,1.000971,0.001,5.9714714205
0.972,1.000972,0.001,5.9724723920
0.973,1.000973,0.001,5.9734733645
0.974,1.000974,0.001,5.9744743380
0.975,1.000975,0.001,5.9754753125
0.976,1.000976,0.001,5.9764762880
0.977,1.000977,0.001,5.9774772645
0.978,1.000978,0.001,5.9784782420
0.979,1.000979,0.001,5.9794792205
0.98,1.00098,0.001,5.9804802000
0.981,1.000981,0.001,5.9814811805
0.982,1.000982,0.001,5.9824821620
0.983,1.000983,0.001,5.9834831445
0.984,1.000984,0.001,5.9844841280
0.985,1.000985,0.001,5.9854851125
0.986,1.000986,0.001,5.9864860980
0.987,1.000987,0.001,5.9874870845
0.988,1.000988,0.001,5.9884880720
0.989,1.000989,0.001,5.9894890605
0.99,1.00099,0.001,5.9904900500
0.991,1.000991,0.001,5.9914910405
0.992,1.000992,0.001,5.9924920320
0.993,1.000993,0.001,5.9934930245
0.994,1.000994,0.001,5.9944940180
0.995,1.000995,0.001,5.9954950125
0.996,1.000996,0.001,5.9964960080
0.997,1.000997,0.001,5.9974970045
0.998,1.000998,0.001,5.9984980020
0.999,1.000999,0.001,5.9994990005
1,1.001,0.001,6.0005000000
