Time,Delta Time,True Acceleration,Estimated Acceleration,True Velocity,Estimated Velocity,True Position,Estimated Position
0,0.001,0,1,2,2.1,5,5
0.001,0.001,0.125660399,1.125660399,2.00012566,2.10112566,5.002000063,5.002100563
0.002,0.001,0.251300954,1.251300954,2.000376961,2.102376961,5.004000314,5.004202314
0.003,0.001,0.376901827,1.376901827,2.000753863,2.103753863,5.00600088,5.00630538
0.004,0.001,0.502443182,1.502443182,2.001256306,2.105256306,5.008001885,5.008409885
0.005,0.001,0.627905195,1.627905195,2.001884212,2.106884212,5.010003455,5.010515955
0.006,0.001,0.753268055,1.753268055,2.00263748,2.10863748,5.012005716,5.012623716
0.007,0.001,0.878511966,1.878511966,2.003515992,2.110515992,5.014008792,5.014733292
0.008,0.001,1.003617149,2.003617149,2.004519609,2.112519609,5.01601281,5.01684481
0.009,0.001,1.128563849,2.128563849,2.005648173,2.114648173,5.018017894,5.018958394
0.01,0.001,1.253332336,2.253332336,2.006901505,2.116901505,5.020024169,5.021074169
0.011,0.001,1.377902907,2.377902907,2.008279408,2.119279408,5.022031759,5.023192259
0.012,0.001,1.502255891,2.502255891,2.009781664,2.121781664,5.02404079,5.02531279
0.013,0.001,1.626371652,2.626371652,2.011408035,2.124408035,5.026051385,5.027435885
0.014,0.001,1.75023059,2.75023059,2.013158266,2.127158266,5.028063668,5.029561668
0.015,0.001,1.873813146,2.873813146,2.015032079,2.130032079,5.030077763,5.031690263
0.016,0.001,1.997099805,2.997099805,2.017029179,2.133029179,5.032093794,5.033821794
0.017,0.001,2.120071099,3.120071099,2.01914925,2.13614925,5.034111883,5.035956383
0.018,0.001,2.242707609,3.242707609,2.021391958,2.139391958,5.036132154,5.038094154
0.019,0.001,2.36498997,3.36498997,2.023756948,2.142756948,5.038154728,5.040235228
0.02,0.001,2.486898872,3.486898872,2.026243846,2.146243846,5.040179728,5.042379728
0.021,0.001,2.608415063,3.608415063,2.028852262,2.149852262,5.042207277,5.044527777
0.022,0.001,2.729519355,3.729519355,2.031581781,2.153581781,5.044237494,5.046679494
0.023,0.001,2.850192625,3.850192625,2.034431973,2.157431973,5.0462705,5.048835
0.024,0.001,2.970415816,3.970415816,2.037402389,2.161402389,5.048306418,5.050994418
0.025,0.001,3.090169944,4.090169944,2.040492559,2.165492559,5.050345365,5.053157865
0.026,0.001,3.209436098,4.209436098,2.043701995,2.169701995,5.052387462,5.055325462
0.027,0.001,3.328195445,4.328195445,2.047030191,2.174030191,5.054432828,5.057497328
0.028,0.001,3.446429232,4.446429232,2.05047662,2.17847662,5.056481582,5.059673582
0.029,0.001,3.564118787,4.564118787,2.054040739,2.183040739,5.058533841,5.061854341
0.03,0.001,3.681245527,4.681245527,2.057721984,2.187721984,5.060589722,5.064039722
0.031,0.001,3.797790955,4.797790955,2.061519775,2.192519775,5.062649343,5.066229843
0.032,0.001,3.913736668,4.913736668,2.065433512,2.197433512,5.064712819,5.068424819
0.033,0.001,4.029064357,5.029064357,2.069462576,2.202462576,5.066780267,5.070624767
0.034,0.001,4.14375581,5.14375581,2.073606332,2.207606332,5.068851802,5.072829802
0.035,0.001,4.257792916,5.257792916,2.077864125,2.212864125,5.070927537,5.075040037
0.036,0.001,4.371157667,5.371157667,2.082235283,2.218235283,5.073007587,5.077255587
0.037,0.001,4.483832161,5.483832161,2.086719115,2.223719115,5.075092064,5.079476564
0.038,0.001,4.595798606,5.595798606,2.091314913,2.229314913,5.077181081,5.081703081
0.039,0.001,4.707039322,5.707039322,2.096021953,2.235021953,5.079274749,5.083935249
0.04,0.001,4.817536741,5.817536741,2.10083949,2.24083949,5.08137318,5.08617318
0.041,0.001,4.927273415,5.927273415,2.105766763,2.246766763,5.083476483,5.088416983
0.042,0.001,5.036232016,6.036232016,2.110802995,2.252802995,5.085584768,5.090666768
0.043,0.001,5.144395338,6.144395338,2.11594739,2.25894739,5.087698143,5.092922643
0.044,0.001,5.2517463,6.2517463,2.121199137,2.265199137,5.089816717,5.095184717
0.045,0.001,5.35826795,6.35826795,2.126557405,2.271557405,5.091940595,5.097453095
0.046,0.001,5.463943467,6.463943467,2.132021348,2.278021348,5.094069884,5.099727884
0.047,0.001,5.568756165,6.568756165,2.137590104,2.284590104,5.09620469,5.10200919
0.048,0.001,5.672689491,6.672689491,2.143262794,2.291262794,5.098345116,5.104297116
0.049,0.001,5.775727034,6.775727034,2.149038521,2.298038521,5.100491267,5.106591767
0.05,0.001,5.877852523,6.877852523,2.154916373,2.304916373,5.102643245,5.108893245
0.051,0.001,5.979049831,6.979049831,2.160895423,2.311895423,5.104801151,5.111201651
0.052,0.001,6.079302977,7.079302977,2.166974726,2.318974726,5.106965086,5.113517086
0.053,0.001,6.178596131,7.178596131,2.173153322,2.326153322,5.10913515,5.11583965
0.054,0.001,6.276913613,7.276913613,2.179430236,2.333430236,5.111311441,5.118169441
0.055,0.001,6.374239897,7.374239897,2.185804476,2.340804476,5.113494059,5.120506559
0.056,0.001,6.470559616,7.470559616,2.192275035,2.348275035,5.115683098,5.122851098
0.057,0.001,6.565857558,7.565857558,2.198840893,2.355840893,5.117878656,5.125203156
0.058,0.001,6.660118674,7.660118674,2.205501012,2.363501012,5.120080827,5.127562827
0.059,0.001,6.753328081,7.753328081,2.21225434,2.37125434,5.122289705,5.129930205
0.06,0.001,6.845471059,7.845471059,2.219099811,2.379099811,5.124505382,5.132305382
0.061,0.001,6.936533058,7.936533058,2.226036344,2.387036344,5.12672795,5.13468845
0.062,0.001,7.026499698,8.026499698,2.233062843,2.395062843,5.1289575,5.1370795
0.063,0.001,7.115356772,8.115356772,2.2401782,2.4031782,5.13119412,5.13947862
0.064,0.001,7.203090249,8.203090249,2.24738129,2.41138129,5.1334379,5.1418859
0.065,0.001,7.289686274,8.289686274,2.254670977,2.419670977,5.135688926,5.144301426
0.066,0.001,7.375131174,8.375131174,2.262046108,2.428046108,5.137947285,5.146725285
0.067,0.001,7.459411454,8.459411454,2.269505519,2.436505519,5.140213061,5.149157561
0.068,0.001,7.542513807,8.542513807,2.277048033,2.445048033,5.142486337,5.151598337
0.069,0.001,7.62442511,8.62442511,2.284672458,2.453672458,5.144767198,5.154047698
0.07,0.001,7.705132428,8.705132428,2.292377591,2.462377591,5.147055723,5.156505723
0.071,0.001,7.784623016,8.784623016,2.300162214,2.471162214,5.149351993,5.158972493
0.072,0.001,7.862884321,8.862884321,2.308025098,2.480025098,5.151656086,5.161448086
0.073,0.001,7.939903986,8.939903986,2.315965002,2.488965002,5.153968081,5.163932581
0.074,0.001,8.015669849,9.015669849,2.323980672,2.497980672,5.156288054,5.166426054
0.075,0.001,8.090169944,9.090169944,2.332070842,2.507070842,5.15861608,5.16892858
0.076,0.001,8.163392507,9.163392507,2.340234234,2.516234234,5.160952232,5.171440232
0.077,0.001,8.235325976,9.235325976,2.34846956,2.52546956,5.163296584,5.173961084
0.078,0.001,8.305958992,9.305958992,2.356775519,2.534775519,5.165649207,5.176491207
0.079,0.001,8.3752804,9.3752804,2.3651508,2.5441508,5.16801017,5.17903067
0.08,0.001,8.443279255,9.443279255,2.373594079,2.553594079,5.170379542,5.181579542
0.081,0.001,8.509944818,9.509944818,2.382104024,2.563104024,5.172757391,5.184137891
0.082,0.001,8.575266562,9.575266562,2.39067929,2.57267929,5.175143783,5.186705783
0.083,0.001,8.639234172,9.639234172,2.399318525,2.582318525,5.177538782,5.189283282
0.084,0.001,8.701837547,9.701837547,2.408020362,2.592020362,5.179942451,5.191870451
0.085,0.001,8.7630668,9.7630668,2.416783429,2.601783429,5.182354853,5.194467353
0.086,0.001,8.822912264,9.822912264,2.425606341,2.611606341,5.184776048,5.197074048
0.087,0.001,8.881364488,9.881364488,2.434487706,2.621487706,5.187206095,5.199690595
0.088,0.001,8.938414242,9.938414242,2.44342612,2.63142612,5.189645052,5.202317052
0.089,0.001,8.994052516,9.994052516,2.452420172,2.641420172,5.192092975,5.204953475
0.09,0.001,9.048270525,10.04827052,2.461468443,2.651468443,5.19454992,5.20759992
0.091,0.001,9.101059707,10.10105971,2.470569503,2.661569503,5.197015939,5.210256439
0.092,0.001,9.152411726,10.15241173,2.479721914,2.671721914,5.199491084,5.212923084
0.093,0.001,9.202318474,10.20231847,2.488924233,2.681924233,5.201975407,5.215599907
0.094,0.001,9.250772068,10.25077207,2.498175005,2.692175005,5.204468957,5.218286957
0.095,0.001,9.297764859,10.29776486,2.50747277,2.70247277,5.206971781,5.220984281
0.096,0.001,9.343289425,10.34328942,2.516816059,2.712816059,5.209483925,5.223691925
0.097,0.001,9.387338577,10.38733858,2.526203398,2.723203398,5.212005435,5.226409935
0.098,0.001,9.429905359,10.42990536,2.535633303,2.733633303,5.214536353,5.229138353
0.099,0.001,9.47098305,10.47098305,2.545104286,2.744104286,5.217076722,5.231877222
0.1,0.001,9.510565163,10.51056516,2.554614851,2.754614851,5.219626582,5.234626582
0.101,0.001,9.548645447,10.54864545,2.564163497,2.765163497,5.222185971,5.237386471
0.102,0.001,9.58521789,10.58521789,2.573748715,2.775748715,5.224754927,5.240156927
0.103,0.001,9.620276716,10.62027672,2.583368991,2.786368991,5.227333486,5.242937986
0.104,0.001,9.653816388,10.65381639,2.593022808,2.797022808,5.229921682,5.245729682
0.105,0.001,9.685831611,10.68583161,2.602708639,2.807708639,5.232519548,5.248532048
0.106,0.001,9.716317329,10.71631733,2.612424957,2.818424957,5.235127114,5.251345114
0.107,0.001,9.745268728,10.74526873,2.622170225,2.829170225,5.237744412,5.254168912
0.108,0.001,9.772681236,10.77268124,2.631942907,2.839942907,5.240371468,5.257003468
0.109,0.001,9.798550524,10.79855052,2.641741457,2.850741457,5.243008311,5.259848811
0.11,0.001,9.822872507,10.82287251,2.65156433,2.86156433,5.245654964,5.262704964
0.111,0.001,9.845643345,10.84564335,2.661409973,2.872409973,5.248311451,5.265571951
0.112,0.001,9.866859442,10.86685944,2.671276832,2.883276832,5.250977794,5.268449794
0.113,0.001,9.886517447,10.88651745,2.68116335,2.89416335,5.253654014,5.271338514
0.114,0.001,9.904614257,10.90461426,2.691067964,2.905067964,5.25634013,5.27423813
0.115,0.001,9.921147013,10.92114701,2.700989111,2.915989111,5.259036158,5.277148658
0.116,0.001,9.936113105,10.93611311,2.710925224,2.926925224,5.261742116,5.280070116
0.117,0.001,9.94951017,10.94951017,2.720874734,2.937874734,5.264458016,5.283002516
0.118,0.001,9.961336091,10.96133609,2.730836071,2.948836071,5.267183871,5.285945871
0.119,0.001,9.971589003,10.971589,2.74080766,2.95980766,5.269919693,5.288900193
0.12,0.001,9.980267284,10.98026728,2.750787927,2.970787927,5.272665491,5.291865491
0.121,0.001,9.987369566,10.98736957,2.760775296,2.981775296,5.275421272,5.294841772
0.122,0.001,9.992894726,10.99289473,2.770768191,2.992768191,5.278187044,5.297829044
0.123,0.001,9.996841893,10.99684189,2.780765033,3.003765033,5.280962811,5.300827311
0.124,0.001,9.999210442,10.99921044,2.790764243,3.014764243,5.283748575,5.303836575
0.125,0.001,10,11,2.800764243,3.025764243,5.286544339,5.306856839
0.126,0.001,9.999210442,10.99921044,2.810763454,3.036763454,5.289350103,5.309888103
0.127,0.001,9.996841893,10.99684189,2.820760296,3.047760296,5.292165865,5.312930365
0.128,0.001,9.992894726,10.99289473,2.830753191,3.058753191,5.294991622,5.315983622
0.129,0.001,9.987369566,10.98736957,2.84074056,3.06974056,5.297827369,5.319047869
0.13,0.001,9.980267284,10.98026728,2.850720827,3.080720827,5.300673099,5.322123099
0.131,0.001,9.971589003,10.971589,2.860692416,3.091692416,5.303528806,5.325209306
0.132,0.001,9.961336091,10.96133609,2.870653752,3.102653752,5.306394479,5.328306479
0.133,0.001,9.94951017,10.94951017,2.880603263,3.113603263,5.309270108,5.331414608
0.134,0.001,9.936113105,10.93611311,2.890539376,3.124539376,5.312155679,5.334533679
0.135,0.001,9.921147013,10.92114701,2.900460523,3.135460523,5.315051179,5.337663679
0.136,0.001,9.904614257,10.90461426,2.910365137,3.146365137,5.317956592,5.340804592
0.137,0.001,9.886517447,10.88651745,2.920251654,3.157251654,5.3208719,5.3439564
0.138,0.001,9.866859442,10.86685944,2.930118514,3.168118514,5.323797085,5.347119085
0.139,0.001,9.845643345,10.84564335,2.939964157,3.178964157,5.326732127,5.350292627
0.14,0.001,9.822872507,10.82287251,2.94978703,3.18978703,5.329677002,5.353477002
0.141,0.001,9.798550524,10.79855052,2.95958558,3.20058558,5.332631688,5.356672188
0.142,0.001,9.772681236,10.77268124,2.969358262,3.211358262,5.33559616,5.35987816
0.143,0.001,9.745268728,10.74526873,2.97910353,3.22210353,5.338570391,5.363094891
0.144,0.001,9.716317329,10.71631733,2.988819848,3.232819848,5.341554353,5.366322353
0.145,0.001,9.685831611,10.68583161,2.998505679,3.243505679,5.344548016,5.369560516
0.146,0.001,9.653816388,10.65381639,3.008159496,3.254159496,5.347551348,5.372809348
0.147,0.001,9.620276716,10.62027672,3.017779772,3.264779772,5.350564318,5.376068818
0.148,0.001,9.58521789,10.58521789,3.02736499,3.27536499,5.35358689,5.37933889
0.149,0.001,9.548645447,10.54864545,3.036913636,3.285913636,5.35661903,5.38261953
0.15,0.001,9.510565163,10.51056516,3.046424201,3.296424201,5.359660699,5.385910699
0.151,0.001,9.47098305,10.47098305,3.055895184,3.306895184,5.362711858,5.389212358
0.152,0.001,9.429905359,10.42990536,3.065325089,3.317325089,5.365772468,5.392524468
0.153,0.001,9.387338577,10.38733858,3.074712428,3.327712428,5.368842487,5.395846987
0.154,0.001,9.343289425,10.34328942,3.084055717,3.338055717,5.371921871,5.399179871
0.155,0.001,9.297764859,10.29776486,3.093353482,3.348353482,5.375010576,5.402523076
0.156,0.001,9.250772068,10.25077207,3.102604254,3.358604254,5.378108555,5.405876555
0.157,0.001,9.202318474,10.20231847,3.111806573,3.368806573,5.38121576,5.40924026
0.158,0.001,9.152411726,10.15241173,3.120958984,3.378958984,5.384332143,5.412614143
0.159,0.001,9.101059707,10.10105971,3.130060044,3.389060044,5.387457652,5.415998152
0.16,0.001,9.048270525,10.04827052,3.139108315,3.399108315,5.390592237,5.419392237
0.161,0.001,8.994052516,9.994052516,3.148102367,3.409102367,5.393735842,5.422796342
0.162,0.001,8.938414242,9.938414242,3.157040781,3.419040781,5.396888414,5.426210414
0.163,0.001,8.881364488,9.881364488,3.165922146,3.428922146,5.400049895,5.429634395
0.164,0.001,8.822912264,9.822912264,3.174745058,3.438745058,5.403220229,5.433068229
0.165,0.001,8.7630668,9.7630668,3.183508125,3.448508125,5.406399355,5.436511855
0.166,0.001,8.701837547,9.701837547,3.192209962,3.458209962,5.409587214,5.439965214
0.167,0.001,8.639234172,9.639234172,3.200849197,3.467849197,5.412783744,5.443428244
0.168,0.001,8.575266562,9.575266562,3.209424463,3.477424463,5.415988881,5.446900881
0.169,0.001,8.509944818,9.509944818,3.217934408,3.486934408,5.41920256,5.45038306
0.17,0.001,8.443279255,9.443279255,3.226377687,3.496377687,5.422424716,5.453874716
0.171,0.001,8.3752804,9.3752804,3.234752968,3.505752968,5.425655281,5.457375781
0.172,0.001,8.305958992,9.305958992,3.243058927,3.515058927,5.428894187,5.460886187
0.173,0.001,8.235325976,9.235325976,3.251294253,3.524294253,5.432141364,5.464405864
0.174,0.001,8.163392507,9.163392507,3.259457645,3.533457645,5.43539674,5.46793474
0.175,0.001,8.090169944,9.090169944,3.267547815,3.542547815,5.438660243,5.471472743
0.176,0.001,8.015669849,9.015669849,3.275563485,3.551563485,5.441931798,5.475019798
0.177,0.001,7.939903986,8.939903986,3.283503389,3.560503389,5.445211332,5.478575832
0.178,0.001,7.862884321,8.862884321,3.291366273,3.569366273,5.448498767,5.482140767
0.179,0.001,7.784623016,8.784623016,3.299150896,3.578150896,5.451794025,5.485714525
0.18,0.001,7.705132428,8.705132428,3.306856029,3.586856029,5.455097029,5.489297029
0.181,0.001,7.62442511,8.62442511,3.314480454,3.595480454,5.458407697,5.492888197
0.182,0.001,7.542513807,8.542513807,3.322022968,3.604022968,5.461725949,5.496487949
0.183,0.001,7.459411454,8.459411454,3.329482379,3.612482379,5.465051701,5.500096201
0.184,0.001,7.375131174,8.375131174,3.33685751,3.62085751,5.468384871,5.503712871
0.185,0.001,7.289686274,8.289686274,3.344147196,3.629147196,5.471725374,5.507337874
0.186,0.001,7.203090249,8.203090249,3.351350287,3.637350287,5.475073122,5.510971122
0.187,0.001,7.115356772,8.115356772,3.358465643,3.645465643,5.47842803,5.51461253
0.188,0.001,7.026499698,8.026499698,3.365492143,3.653492143,5.481790009,5.518262009
0.189,0.001,6.936533058,7.936533058,3.372428676,3.661428676,5.48515897,5.52191947
0.19,0.001,6.845471059,7.845471059,3.379274147,3.669274147,5.488534821,5.525584821
0.191,0.001,6.753328081,7.753328081,3.386027475,3.677027475,5.491917472,5.529257972
0.192,0.001,6.660118674,7.660118674,3.392687594,3.684687594,5.495306829,5.532938829
0.193,0.001,6.565857558,7.565857558,3.399253452,3.692253452,5.4987028,5.5366273
0.194,0.001,6.470559616,7.470559616,3.405724011,3.699724011,5.502105289,5.540323289
0.195,0.001,6.374239897,7.374239897,3.412098251,3.707098251,5.5055142,5.5440267
0.196,0.001,6.276913613,7.276913613,3.418375165,3.714375165,5.508929436,5.547737436
0.197,0.001,6.178596131,7.178596131,3.424553761,3.721553761,5.512350901,5.551455401
0.198,0.001,6.079302977,7.079302977,3.430633064,3.728633064,5.515778494,5.555180494
0.199,0.001,5.979049831,6.979049831,3.436612114,3.735612114,5.519212117,5.558912617
0.2,0.001,5.877852523,6.877852523,3.442489966,3.742489966,5.522651668,5.562651668
0.201,0.001,5.775727034,6.775727034,3.448265693,3.749265693,5.526097046,5.566397546
0.202,0.001,5.672689491,6.672689491,3.453938383,3.755938383,5.529548148,5.570150148
0.203,0.001,5.568756165,6.568756165,3.459507139,3.762507139,5.533004871,5.573909371
0.204,0.001,5.463943467,6.463943467,3.464971082,3.768971082,5.53646711,5.57767511
0.205,0.001,5.35826795,6.35826795,3.47032935,3.77532935,5.53993476,5.58144726
0.206,0.001,5.2517463,6.2517463,3.475581097,3.781581097,5.543407715,5.585225715
0.207,0.001,5.144395338,6.144395338,3.480725492,3.787725492,5.546885868,5.589010368
0.208,0.001,5.036232016,6.036232016,3.485761724,3.793761724,5.550369112,5.592801112
0.209,0.001,4.927273415,5.927273415,3.490688997,3.799688997,5.553857337,5.596597837
0.21,0.001,4.817536741,5.817536741,3.495506534,3.805506534,5.557350435,5.600400435
0.211,0.001,4.707039322,5.707039322,3.500213573,3.811213573,5.560848295,5.604208795
0.212,0.001,4.595798606,5.595798606,3.504809372,3.816809372,5.564350807,5.608022807
0.213,0.001,4.483832161,5.483832161,3.509293204,3.822293204,5.567857858,5.611842358
0.214,0.001,4.371157667,5.371157667,3.513664362,3.827664362,5.571369337,5.615667337
0.215,0.001,4.257792916,5.257792916,3.517922155,3.832922155,5.57488513,5.61949763
0.216,0.001,4.14375581,5.14375581,3.522065911,3.838065911,5.578405124,5.623333124
0.217,0.001,4.029064357,5.029064357,3.526094975,3.843094975,5.581929204,5.627173704
0.218,0.001,3.913736668,4.913736668,3.530008712,3.848008712,5.585457256,5.631019256
0.219,0.001,3.797790955,4.797790955,3.533806503,3.852806503,5.588989164,5.634869664
0.22,0.001,3.681245527,4.681245527,3.537487748,3.857487748,5.592524811,5.638724811
0.221,0.001,3.564118787,4.564118787,3.541051867,3.862051867,5.596064081,5.642584581
0.222,0.001,3.446429232,4.446429232,3.544498296,3.866498296,5.599606856,5.646448856
0.223,0.001,3.328195445,4.328195445,3.547826492,3.870826492,5.603153018,5.650317518
0.224,0.001,3.209436098,4.209436098,3.551035928,3.875035928,5.60670245,5.65419045
0.225,0.001,3.090169944,4.090169944,3.554126098,3.879126098,5.610255031,5.658067531
0.226,0.001,2.970415816,3.970415816,3.557096513,3.883096513,5.613810642,5.661948642
0.227,0.001,2.850192625,3.850192625,3.559946706,3.886946706,5.617369163,5.665833663
0.228,0.001,2.729519355,3.729519355,3.562676225,3.890676225,5.620930475,5.669722475
0.229,0.001,2.608415063,3.608415063,3.56528464,3.89428464,5.624494455,5.673614955
0.23,0.001,2.486898872,3.486898872,3.567771539,3.897771539,5.628060983,5.677510983
0.231,0.001,2.36498997,3.36498997,3.570136529,3.901136529,5.631629937,5.681410437
0.232,0.001,2.242707609,3.242707609,3.572379237,3.904379237,5.635201195,5.685313195
0.233,0.001,2.120071099,3.120071099,3.574499308,3.907499308,5.638774635,5.689219135
0.234,0.001,1.997099805,2.997099805,3.576496408,3.910496408,5.642350132,5.693128132
0.235,0.001,1.873813146,2.873813146,3.578370221,3.913370221,5.645927566,5.697040066
0.236,0.001,1.75023059,2.75023059,3.580120452,3.916120452,5.649506811,5.700954811
0.237,0.001,1.626371652,2.626371652,3.581746823,3.918746823,5.653087745,5.704872245
0.238,0.001,1.502255891,2.502255891,3.583249079,3.921249079,5.656670243,5.708792243
0.239,0.001,1.377902907,2.377902907,3.584626982,3.923626982,5.660254181,5.712714681
0.24,0.001,1.253332336,2.253332336,3.585880314,3.925880314,5.663839434,5.716639434
0.241,0.001,1.128563849,2.128563849,3.587008878,3.928008878,5.667425879,5.720566379
0.242,0.001,1.003617149,2.003617149,3.588012495,3.930012495,5.67101339,5.72449539
0.243,0.001,0.878511966,1.878511966,3.588891007,3.931891007,5.674601841,5.728426341
0.244,0.001,0.753268055,1.753268055,3.589644275,3.933644275,5.678191109,5.732359109
0.245,0.001,0.627905195,1.627905195,3.590272181,3.935272181,5.681781067,5.736293567
0.246,0.001,0.502443182,1.502443182,3.590774624,3.936774624,5.685371591,5.740229591
0.247,0.001,0.376901827,1.376901827,3.591151526,3.938151526,5.688962554,5.744167054
0.248,0.001,0.251300954,1.251300954,3.591402827,3.939402827,5.692553831,5.748105831
0.249,0.001,0.125660399,1.125660399,3.591528487,3.940528487,5.696145297,5.752045797
0.25,0.001,1.22515E-15,1,3.591528487,3.941528487,5.699736825,5.755986825
0.251,0.001,-0.125660399,0.874339601,3.591402827,3.942402827,5.703328291,5.759928791
0.252,0.001,-0.251300954,0.748699046,3.591151526,3.943151526,5.706919568,5.763871568
0.253,0.001,-0.376901827,0.623098173,3.590774624,3.943774624,5.710510531,5.767815031
0.254,0.001,-0.502443182,0.497556818,3.590272181,3.944272181,5.714101054,5.771759054
0.255,0.001,-0.627905195,0.372094805,3.589644275,3.944644275,5.717691013,5.775703513
0.256,0.001,-0.753268055,0.246731945,3.588891007,3.944891007,5.72128028,5.77964828
0.257,0.001,-0.878511966,0.121488034,3.588012495,3.945012495,5.724868732,5.783593232
0.258,0.001,-1.003617149,-0.003617149,3.587008878,3.945008878,5.728456243,5.787538243
0.259,0.001,-1.128563849,-0.128563849,3.585880314,3.944880314,5.732042687,5.791483187
0.26,0.001,-1.253332336,-0.253332336,3.584626982,3.944626982,5.735627941,5.795427941
0.261,0.001,-1.377902907,-0.377902907,3.583249079,3.944249079,5.739211879,5.799372379
0.262,0.001,-1.502255891,-0.502255891,3.581746823,3.943746823,5.742794377,5.803316377
0.263,0.001,-1.626371652,-0.626371652,3.580120452,3.943120452,5.746375311,5.807259811
0.264,0.001,-1.75023059,-0.75023059,3.578370221,3.942370221,5.749954556,5.811202556
0.265,0.001,-1.873813146,-0.873813146,3.576496408,3.941496408,5.753531989,5.815144489
0.266,0.001,-1.997099805,-0.997099805,3.574499308,3.940499308,5.757107487,5.819085487
0.267,0.001,-2.120071099,-1.120071099,3.572379237,3.939379237,5.760680926,5.823025426
0.268,0.001,-2.242707609,-1.242707609,3.570136529,3.938136529,5.764252184,5.826964184
0.269,0.001,-2.36498997,-1.36498997,3.567771539,3.936771539,5.767821138,5.830901638
0.27,0.001,-2.486898872,-1.486898872,3.56528464,3.93528464,5.771387666,5.834837666
0.271,0.001,-2.608415063,-1.608415063,3.562676225,3.933676225,5.774951647,5.838772147
0.272,0.001,-2.729519355,-1.729519355,3.559946706,3.931946706,5.778512958,5.842704958
0.273,0.001,-2.850192625,-1.850192625,3.557096513,3.930096513,5.78207148,5.84663598
0.274,0.001,-2.970415816,-1.970415816,3.554126098,3.928126098,5.785627091,5.850565091
0.275,0.001,-3.090169944,-2.090169944,3.551035928,3.926035928,5.789179672,5.854492172
0.276,0.001,-3.209436098,-2.209436098,3.547826492,3.923826492,5.792729103,5.858417103
0.277,0.001,-3.328195445,-2.328195445,3.544498296,3.921498296,5.796275266,5.862339766
0.278,0.001,-3.446429232,-2.446429232,3.541051867,3.919051867,5.799818041,5.866260041
0.279,0.001,-3.564118787,-2.564118787,3.537487748,3.916487748,5.803357311,5.870177811
0.28,0.001,-3.681245527,-2.681245527,3.533806503,3.913806503,5.806892958,5.874092958
0.281,0.001,-3.797790955,-2.797790955,3.530008712,3.911008712,5.810424865,5.878005365
0.282,0.001,-3.913736668,-2.913736668,3.526094975,3.908094975,5.813952917,5.881914917
0.283,0.001,-4.029064357,-3.029064357,3.522065911,3.905065911,5.817476998,5.885821498
0.284,0.001,-4.14375581,-3.14375581,3.517922155,3.901922155,5.820996992,5.889724992
0.285,0.001,-4.257792916,-3.257792916,3.513664362,3.898664362,5.824512785,5.893625285
0.286,0.001,-4.371157667,-3.371157667,3.509293204,3.895293204,5.828024264,5.897522264
0.287,0.001,-4.483832161,-3.483832161,3.504809372,3.891809372,5.831531315,5.901415815
0.288,0.001,-4.595798606,-3.595798606,3.500213573,3.888213573,5.835033827,5.905305827
0.289,0.001,-4.707039322,-3.707039322,3.495506534,3.884506534,5.838531687,5.909192187
0.29,0.001,-4.817536741,-3.817536741,3.490688997,3.880688997,5.842024784,5.913074784
0.291,0.001,-4.927273415,-3.927273415,3.485761724,3.876761724,5.84551301,5.91695351
0.292,0.001,-5.036232016,-4.036232016,3.480725492,3.872725492,5.848996253,5.920828253
0.293,0.001,-5.144395338,-4.144395338,3.475581097,3.868581097,5.852474407,5.924698907
0.294,0.001,-5.2517463,-4.2517463,3.47032935,3.86432935,5.855947362,5.928565362
0.295,0.001,-5.35826795,-4.35826795,3.464971082,3.859971082,5.859415012,5.932427512
0.296,0.001,-5.463943467,-4.463943467,3.459507139,3.855507139,5.862877251,5.936285251
0.297,0.001,-5.568756165,-4.568756165,3.453938383,3.850938383,5.866333974,5.940138474
0.298,0.001,-5.672689491,-4.672689491,3.448265693,3.846265693,5.869785076,5.943987076
0.299,0.001,-5.775727034,-4.775727034,3.442489966,3.841489966,5.873230454,5.947830954
0.3,0.001,-5.877852523,-4.877852523,3.436612114,3.836612114,5.876670005,5.951670005
0.301,0.001,-5.979049831,-4.979049831,3.430633064,3.831633064,5.880103627,5.955504127
0.302,0.001,-6.079302977,-5.079302977,3.424553761,3.826553761,5.883531221,5.959333221
0.303,0.001,-6.178596131,-5.178596131,3.418375165,3.821375165,5.886952685,5.963157185
0.304,0.001,-6.276913613,-5.276913613,3.412098251,3.816098251,5.890367922,5.966975922
0.305,0.001,-6.374239897,-5.374239897,3.405724011,3.810724011,5.893776833,5.970789333
0.306,0.001,-6.470559616,-5.470559616,3.399253452,3.805253452,5.897179322,5.974597322
0.307,0.001,-6.565857558,-5.565857558,3.392687594,3.799687594,5.900575292,5.978399792
0.308,0.001,-6.660118674,-5.660118674,3.386027475,3.794027475,5.90396465,5.98219665
0.309,0.001,-6.753328081,-5.753328081,3.379274147,3.788274147,5.907347301,5.985987801
0.31,0.001,-6.845471059,-5.845471059,3.372428676,3.782428676,5.910723152,5.989773152
0.311,0.001,-6.936533058,-5.936533058,3.365492143,3.776492143,5.914092113,5.993552613
0.312,0.001,-7.026499698,-6.026499698,3.358465643,3.770465643,5.917454091,5.997326091
0.313,0.001,-7.115356772,-6.115356772,3.351350287,3.764350287,5.920808999,6.001093499
0.314,0.001,-7.203090249,-6.203090249,3.344147196,3.758147196,5.924156748,6.004854748
0.315,0.001,-7.289686274,-6.289686274,3.33685751,3.75185751,5.927497251,6.008609751
0.316,0.001,-7.375131174,-6.375131174,3.329482379,3.745482379,5.93083042,6.01235842
0.317,0.001,-7.459411454,-6.459411454,3.322022968,3.739022968,5.934156173,6.016100673
0.318,0.001,-7.542513807,-6.542513807,3.314480454,3.732480454,5.937474425,6.019836425
0.319,0.001,-7.62442511,-6.62442511,3.306856029,3.725856029,5.940785093,6.023565593
0.32,0.001,-7.705132428,-6.705132428,3.299150896,3.719150896,5.944088097,6.027288097
0.321,0.001,-7.784623016,-6.784623016,3.291366273,3.712366273,5.947383355,6.031003855
0.322,0.001,-7.862884321,-6.862884321,3.283503389,3.705503389,5.95067079,6.03471279
0.323,0.001,-7.939903986,-6.939903986,3.275563485,3.698563485,5.953950323,6.038414823
0.324,0.001,-8.015669849,-7.015669849,3.267547815,3.691547815,5.957221879,6.042109879
0.325,0.001,-8.090169944,-7.090169944,3.259457645,3.684457645,5.960485382,6.045797882
0.326,0.001,-8.163392507,-7.163392507,3.251294253,3.677294253,5.963740758,6.049478758
0.327,0.001,-8.235325976,-7.235325976,3.243058927,3.670058927,5.966987934,6.053152434
0.328,0.001,-8.305958992,-7.305958992,3.234752968,3.662752968,5.97022684,6.05681884
0.329,0.001,-8.3752804,-7.3752804,3.226377687,3.655377687,5.973457406,6.060477906
0.33,0.001,-8.443279255,-7.443279255,3.217934408,3.647934408,5.976679562,6.064129562
0.331,0.001,-8.509944818,-7.509944818,3.209424463,3.640424463,5.979893241,6.067773741
0.332,0.001,-8.575266562,-7.575266562,3.200849197,3.632849197,5.983098378,6.071410378
0.333,0.001,-8.639234172,-7.639234172,3.192209962,3.625209962,5.986294907,6.075039407
0.334,0.001,-8.701837547,-7.701837547,3.183508125,3.617508125,5.989482767,6.078660767
0.335,0.001,-8.7630668,-7.7630668,3.174745058,3.609745058,5.992661893,6.082274393
0.336,0.001,-8.822912264,-7.822912264,3.165922146,3.601922146,5.995832227,6.085880227
0.337,0.001,-8.881364488,-7.881364488,3.157040781,3.594040781,5.998993708,6.089478208
0.338,0.001,-8.938414242,-7.938414242,3.148102367,3.586102367,6.00214628,6.09306828
0.339,0.001,-8.994052516,-7.994052516,3.139108315,3.578108315,6.005289885,6.096650385
0.34,0.001,-9.048270525,-8.048270525,3.130060044,3.570060044,6.008424469,6.100224469
0.341,0.001,-9.101059707,-8.101059707,3.120958984,3.561958984,6.011549979,6.103790479
0.342,0.001,-9.152411726,-8.152411726,3.111806573,3.553806573,6.014666362,6.107348362
0.343,0.001,-9.202318474,-8.202318474,3.102604254,3.545604254,6.017773567,6.110898067
0.344,0.001,-9.250772068,-8.250772068,3.093353482,3.537353482,6.020871546,6.114439546
0.345,0.001,-9.297764859,-8.297764859,3.084055717,3.529055717,6.02396025,6.11797275
0.346,0.001,-9.343289425,-8.343289425,3.074712428,3.520712428,6.027039635,6.121497635
0.347,0.001,-9.387338577,-8.387338577,3.065325089,3.512325089,6.030109653,6.125014153
0.348,0.001,-9.429905359,-8.429905359,3.055895184,3.503895184,6.033170263,6.128522263
0.349,0.001,-9.47098305,-8.47098305,3.046424201,3.495424201,6.036221423,6.132021923
0.35,0.001,-9.510565163,-8.510565163,3.036913636,3.486913636,6.039263092,6.135513092
0.351,0.001,-9.548645447,-8.548645447,3.02736499,3.47836499,6.042295231,6.138995731
0.352,0.001,-9.58521789,-8.58521789,3.017779772,3.469779772,6.045317804,6.142469804
0.353,0.001,-9.620276716,-8.620276716,3.008159496,3.461159496,6.048330773,6.145935273
0.354,0.001,-9.653816388,-8.653816388,2.998505679,3.452505679,6.051334106,6.149392106
0.355,0.001,-9.685831611,-8.685831611,2.988819848,3.443819848,6.054327769,6.152840269
0.356,0.001,-9.716317329,-8.716317329,2.97910353,3.43510353,6.05731173,6.15627973
0.357,0.001,-9.745268728,-8.745268728,2.969358262,3.426358262,6.060285961,6.159710461
0.358,0.001,-9.772681236,-8.772681236,2.95958558,3.41758558,6.063250433,6.163132433
0.359,0.001,-9.798550524,-8.798550524,2.94978703,3.40878703,6.06620512,6.16654562
0.36,0.001,-9.822872507,-8.822872507,2.939964157,3.399964157,6.069149995,6.169949995
0.361,0.001,-9.845643345,-8.845643345,2.930118514,3.391118514,6.072085036,6.173345536
0.362,0.001,-9.866859442,-8.866859442,2.920251654,3.382251654,6.075010222,6.176732222
0.363,0.001,-9.886517447,-8.886517447,2.910365137,3.373365137,6.07792553,6.18011003
0.364,0.001,-9.904614257,-8.904614257,2.900460523,3.364460523,6.080830943,6.183478943
0.365,0.001,-9.921147013,-8.921147013,2.890539376,3.355539376,6.083726443,6.186838943
0.366,0.001,-9.936113105,-8.936113105,2.880603263,3.346603263,6.086612014,6.190190014
0.367,0.001,-9.94951017,-8.94951017,2.870653752,3.337653752,6.089487643,6.193532143
0.368,0.001,-9.961336091,-8.961336091,2.860692416,3.328692416,6.092353316,6.196865316
0.369,0.001,-9.971589003,-8.971589003,2.850720827,3.319720827,6.095209022,6.200189522
0.37,0.001,-9.980267284,-8.980267284,2.84074056,3.31074056,6.098054753,6.203504753
0.371,0.001,-9.987369566,-8.987369566,2.830753191,3.301753191,6.1008905,6.206811
0.372,0.001,-9.992894726,-8.992894726,2.820760296,3.292760296,6.103716257,6.210108257
0.373,0.001,-9.996841893,-8.996841893,2.810763454,3.283763454,6.106532018,6.213396518
0.374,0.001,-9.999210442,-8.999210442,2.800764243,3.274764243,6.109337782,6.216675782
0.375,0.001,-10,-9,2.790764243,3.265764243,6.112133547,6.219946047
0.376,0.001,-9.999210442,-8.999210442,2.780765033,3.256765033,6.114919311,6.223207311
0.377,0.001,-9.996841893,-8.996841893,2.770768191,3.247768191,6.117695078,6.226459578
0.378,0.001,-9.992894726,-8.992894726,2.760775296,3.238775296,6.12046085,6.22970285
0.379,0.001,-9.987369566,-8.987369566,2.750787927,3.229787927,6.123216631,6.232937131
0.38,0.001,-9.980267284,-8.980267284,2.74080766,3.22080766,6.125962429,6.236162429
0.381,0.001,-9.971589003,-8.971589003,2.730836071,3.211836071,6.128698251,6.239378751
0.382,0.001,-9.961336091,-8.961336091,2.720874734,3.202874734,6.131424106,6.242586106
0.383,0.001,-9.94951017,-8.94951017,2.710925224,3.193925224,6.134140006,6.245784506
0.384,0.001,-9.936113105,-8.936113105,2.700989111,3.184989111,6.136845963,6.248973963
0.385,0.001,-9.921147013,-8.921147013,2.691067964,3.176067964,6.139541992,6.252154492
0.386,0.001,-9.904614257,-8.904614257,2.68116335,3.16716335,6.142228108,6.255326108
0.387,0.001,-9.886517447,-8.886517447,2.671276832,3.158276832,6.144904328,6.258488828
0.388,0.001,-9.866859442,-8.866859442,2.661409973,3.149409973,6.147570671,6.261642671
0.389,0.001,-9.845643345,-8.845643345,2.65156433,3.14056433,6.150227158,6.264787658
0.39,0.001,-9.822872507,-8.822872507,2.641741457,3.131741457,6.152873811,6.267923811
0.391,0.001,-9.798550524,-8.798550524,2.631942907,3.122942907,6.155510653,6.271051153
0.392,0.001,-9.772681236,-8.772681236,2.622170225,3.114170225,6.15813771,6.27416971
0.393,0.001,-9.745268728,-8.745268728,2.612424957,3.105424957,6.160755007,6.277279507
0.394,0.001,-9.716317329,-8.716317329,2.602708639,3.096708639,6.163362574,6.280380574
0.395,0.001,-9.685831611,-8.685831611,2.593022808,3.088022808,6.16596044,6.28347294
0.396,0.001,-9.653816388,-8.653816388,2.583368991,3.079368991,6.168548636,6.286556636
0.397,0.001,-9.620276716,-8.620276716,2.573748715,3.070748715,6.171127195,6.289631695
0.398,0.001,-9.58521789,-8.58521789,2.564163497,3.062163497,6.173696151,6.292698151
0.399,0.001,-9.548645447,-8.548645447,2.554614851,3.053614851,6.17625554,6.29575604
0.4,0.001,-9.510565163,-8.510565163,2.545104286,3.045104286,6.1788054,6.2988054
0.401,0.001,-9.47098305,-8.47098305,2.535633303,3.036633303,6.181345768,6.301846268
0.402,0.001,-9.429905359,-8.429905359,2.526203398,3.028203398,6.183876687,6.304878687
0.403,0.001,-9.387338577,-8.387338577,2.516816059,3.019816059,6.186398196,6.307902696
0.404,0.001,-9.343289425,-8.343289425,2.50747277,3.01147277,6.188910341,6.310918341
0.405,0.001,-9.297764859,-8.297764859,2.498175005,3.003175005,6.191413165,6.313925665
0.406,0.001,-9.250772068,-8.250772068,2.488924233,2.994924233,6.193906714,6.316924714
0.407,0.001,-9.202318474,-8.202318474,2.479721914,2.986721914,6.196391037,6.319915537
0.408,0.001,-9.152411726,-8.152411726,2.470569503,2.978569503,6.198866183,6.322898183
0.409,0.001,-9.101059707,-8.101059707,2.461468443,2.970468443,6.201332202,6.325872702
0.41,0.001,-9.048270525,-8.048270525,2.452420172,2.962420172,6.203789146,6.328839146
0.411,0.001,-8.994052516,-7.994052516,2.44342612,2.95442612,6.20623707,6.33179757
0.412,0.001,-8.938414242,-7.938414242,2.434487706,2.946487706,6.208676026,6.334748026
0.413,0.001,-8.881364488,-7.881364488,2.425606341,2.938606341,6.211106073,6.337690573
0.414,0.001,-8.822912264,-7.822912264,2.416783429,2.930783429,6.213527268,6.340625268
0.415,0.001,-8.7630668,-7.7630668,2.408020362,2.923020362,6.21593967,6.34355217
0.416,0.001,-8.701837547,-7.701837547,2.399318525,2.915318525,6.21834334,6.34647134
0.417,0.001,-8.639234172,-7.639234172,2.39067929,2.90767929,6.220738339,6.349382839
0.418,0.001,-8.575266562,-7.575266562,2.382104024,2.900104024,6.22312473,6.35228673
0.419,0.001,-8.509944818,-7.509944818,2.373594079,2.892594079,6.225502579,6.355183079
0.42,0.001,-8.443279255,-7.443279255,2.3651508,2.8851508,6.227871952,6.358071952
0.421,0.001,-8.3752804,-7.3752804,2.356775519,2.877775519,6.230232915,6.360953415
0.422,0.001,-8.305958992,-7.305958992,2.34846956,2.87046956,6.232585537,6.363827537
0.423,0.001,-8.235325976,-7.235325976,2.340234234,2.863234234,6.234929889,6.366694389
0.424,0.001,-8.163392507,-7.163392507,2.332070842,2.856070842,6.237266042,6.369554042
0.425,0.001,-8.090169944,-7.090169944,2.323980672,2.848980672,6.239594068,6.372406568
0.426,0.001,-8.015669849,-7.015669849,2.315965002,2.841965002,6.24191404,6.37525204
0.427,0.001,-7.939903986,-6.939903986,2.308025098,2.835025098,6.244226036,6.378090536
0.428,0.001,-7.862884321,-6.862884321,2.300162214,2.828162214,6.246530129,6.380922129
0.429,0.001,-7.784623016,-6.784623016,2.292377591,2.821377591,6.248826399,6.383746899
0.43,0.001,-7.705132428,-6.705132428,2.284672458,2.814672458,6.251114924,6.386564924
0.431,0.001,-7.62442511,-6.62442511,2.277048033,2.808048033,6.253395784,6.389376284
0.432,0.001,-7.542513807,-6.542513807,2.269505519,2.801505519,6.255669061,6.392181061
0.433,0.001,-7.459411454,-6.459411454,2.262046108,2.795046108,6.257934837,6.394979337
0.434,0.001,-7.375131174,-6.375131174,2.254670977,2.788670977,6.260193195,6.397771195
0.435,0.001,-7.289686274,-6.289686274,2.24738129,2.78238129,6.262444222,6.400556722
0.436,0.001,-7.203090249,-6.203090249,2.2401782,2.7761782,6.264688001,6.403336001
0.437,0.001,-7.115356772,-6.115356772,2.233062843,2.770062843,6.266924622,6.406109122
0.438,0.001,-7.026499698,-6.026499698,2.226036344,2.764036344,6.269154171,6.408876171
0.439,0.001,-6.936533058,-5.936533058,2.219099811,2.758099811,6.27137674,6.41163724
0.44,0.001,-6.845471059,-5.845471059,2.21225434,2.75225434,6.273592417,6.414392417
0.441,0.001,-6.753328081,-5.753328081,2.205501012,2.746501012,6.275801294,6.417141794
0.442,0.001,-6.660118674,-5.660118674,2.198840893,2.740840893,6.278003465,6.419885465
0.443,0.001,-6.565857558,-5.565857558,2.192275035,2.735275035,6.280199023,6.422623523
0.444,0.001,-6.470559616,-5.470559616,2.185804476,2.729804476,6.282388063,6.425356063
0.445,0.001,-6.374239897,-5.374239897,2.179430236,2.724430236,6.28457068,6.42808318
0.446,0.001,-6.276913613,-5.276913613,2.173153322,2.719153322,6.286746972,6.430804972
0.447,0.001,-6.178596131,-5.178596131,2.166974726,2.713974726,6.288917036,6.433521536
0.448,0.001,-6.079302977,-5.079302977,2.160895423,2.708895423,6.291080971,6.436232971
0.449,0.001,-5.979049831,-4.979049831,2.154916373,2.703916373,6.293238877,6.438939377
0.45,0.001,-5.877852523,-4.877852523,2.149038521,2.699038521,6.295390855,6.441640855
0.451,0.001,-5.775727034,-4.775727034,2.143262794,2.694262794,6.297537005,6.444337505
0.452,0.001,-5.672689491,-4.672689491,2.137590104,2.689590104,6.299677432,6.447029432
0.453,0.001,-5.568756165,-4.568756165,2.132021348,2.685021348,6.301812237,6.449716737
0.454,0.001,-5.463943467,-4.463943467,2.126557405,2.680557405,6.303941527,6.452399527
0.455,0.001,-5.35826795,-4.35826795,2.121199137,2.676199137,6.306065405,6.455077905
0.456,0.001,-5.2517463,-4.2517463,2.11594739,2.67194739,6.308183978,6.457751978
0.457,0.001,-5.144395338,-4.144395338,2.110802995,2.667802995,6.310297354,6.460421854
0.458,0.001,-5.036232016,-4.036232016,2.105766763,2.663766763,6.312405638,6.463087638
0.459,0.001,-4.927273415,-3.927273415,2.10083949,2.65983949,6.314508942,6.465749442
0.46,0.001,-4.817536741,-3.817536741,2.096021953,2.656021953,6.316607372,6.468407372
0.461,0.001,-4.707039322,-3.707039322,2.091314913,2.652314913,6.318701041,6.471061541
0.462,0.001,-4.595798606,-3.595798606,2.086719115,2.648719115,6.320790058,6.473712058
0.463,0.001,-4.483832161,-3.483832161,2.082235283,2.645235283,6.322874535,6.476359035
0.464,0.001,-4.371157667,-3.371157667,2.077864125,2.641864125,6.324954585,6.479002585
0.465,0.001,-4.257792916,-3.257792916,2.073606332,2.638606332,6.32703032,6.48164282
0.466,0.001,-4.14375581,-3.14375581,2.069462576,2.635462576,6.329101854,6.484279854
0.467,0.001,-4.029064357,-3.029064357,2.065433512,2.632433512,6.331169302,6.486913802
0.468,0.001,-3.913736668,-2.913736668,2.061519775,2.629519775,6.333232779,6.489544779
0.469,0.001,-3.797790955,-2.797790955,2.057721984,2.626721984,6.3352924,6.4921729
0.47,0.001,-3.681245527,-2.681245527,2.054040739,2.624040739,6.337348281,6.494798281
0.471,0.001,-3.564118787,-2.564118787,2.05047662,2.62147662,6.33940054,6.49742104
0.472,0.001,-3.446429232,-2.446429232,2.047030191,2.619030191,6.341449293,6.500041293
0.473,0.001,-3.328195445,-2.328195445,2.043701995,2.616701995,6.343494659,6.502659159
0.474,0.001,-3.209436098,-2.209436098,2.040492559,2.614492559,6.345536757,6.505274757
0.475,0.001,-3.090169944,-2.090169944,2.037402389,2.612402389,6.347575704,6.507888204
0.476,0.001,-2.970415816,-1.970415816,2.034431973,2.610431973,6.349611621,6.510499621
0.477,0.001,-2.850192625,-1.850192625,2.031581781,2.608581781,6.351644628,6.513109128
0.478,0.001,-2.729519355,-1.729519355,2.028852262,2.606852262,6.353674845,6.515716845
0.479,0.001,-2.608415063,-1.608415063,2.026243846,2.605243846,6.355702393,6.518322893
0.48,0.001,-2.486898872,-1.486898872,2.023756948,2.603756948,6.357727394,6.520927394
0.481,0.001,-2.36498997,-1.36498997,2.021391958,2.602391958,6.359749968,6.523530468
0.482,0.001,-2.242707609,-1.242707609,2.01914925,2.60114925,6.361770239,6.526132239
0.483,0.001,-2.120071099,-1.120071099,2.017029179,2.600029179,6.363788328,6.528732828
0.484,0.001,-1.997099805,-0.997099805,2.015032079,2.599032079,6.365804359,6.531332359
0.485,0.001,-1.873813146,-0.873813146,2.013158266,2.598158266,6.367818454,6.533930954
0.486,0.001,-1.75023059,-0.75023059,2.011408035,2.597408035,6.369830737,6.536528737
0.487,0.001,-1.626371652,-0.626371652,2.009781664,2.596781664,6.371841332,6.539125832
0.488,0.001,-1.502255891,-0.502255891,2.008279408,2.596279408,6.373850362,6.541722362
0.489,0.001,-1.377902907,-0.377902907,2.006901505,2.595901505,6.375857953,6.544318453
0.49,0.001,-1.253332336,-0.253332336,2.005648173,2.595648173,6.377864228,6.546914228
0.491,0.001,-1.128563849,-0.128563849,2.004519609,2.595519609,6.379869311,6.549509811
0.492,0.001,-1.003617149,-0.003617149,2.003515992,2.595515992,6.381873329,6.552105329
0.493,0.001,-0.878511966,0.121488034,2.00263748,2.59563748,6.383876406,6.554700906
0.494,0.001,-0.753268055,0.246731945,2.001884212,2.595884212,6.385878667,6.557296667
0.495,0.001,-0.627905195,0.372094805,2.001256306,2.596256306,6.387880237,6.559892737
0.496,0.001,-0.502443182,0.497556818,2.000753863,2.596753863,6.389881242,6.562489242
0.497,0.001,-0.376901827,0.623098173,2.000376961,2.597376961,6.391881808,6.565086308
0.498,0.001,-0.251300954,0.748699046,2.00012566,2.59812566,6.393882059,6.567684059
0.499,0.001,-0.125660399,0.874339601,2,2.599,6.395882122,6.570282622
0.5,0.001,-2.4503E-15,1,2,2.6,6.397882122,6.572882122
0.501,0.001,0.125660399,1.125660399,2.00012566,2.60112566,6.399882185,6.575482685
0.502,0.001,0.251300954,1.251300954,2.000376961,2.602376961,6.401882436,6.578084436
0.503,0.001,0.376901827,1.376901827,2.000753863,2.603753863,6.403883001,6.580687501
0.504,0.001,0.502443182,1.502443182,2.001256306,2.605256306,6.405884006,6.583292006
0.505,0.001,0.627905195,1.627905195,2.001884212,2.606884212,6.407885577,6.585898077
0.506,0.001,0.753268055,1.753268055,2.00263748,2.60863748,6.409887837,6.588505837
0.507,0.001,0.878511966,1.878511966,2.003515992,2.610515992,6.411890914,6.591115414
0.508,0.001,1.003617149,2.003617149,2.004519609,2.612519609,6.413894932,6.593726932
0.509,0.001,1.128563849,2.128563849,2.005648173,2.614648173,6.415900016,6.596340516
0.51,0.001,1.253332336,2.253332336,2.006901505,2.616901505,6.417906291,6.598956291
0.511,0.001,1.377902907,2.377902907,2.008279408,2.619279408,6.419913881,6.601574381
0.512,0.001,1.502255891,2.502255891,2.009781664,2.621781664,6.421922912,6.604194912
0.513,0.001,1.626371652,2.626371652,2.011408035,2.624408035,6.423933507,6.606818007
0.514,0.001,1.75023059,2.75023059,2.013158266,2.627158266,6.42594579,6.60944379
0.515,0.001,1.873813146,2.873813146,2.015032079,2.630032079,6.427959885,6.612072385
0.516,0.001,1.997099805,2.997099805,2.017029179,2.633029179,6.429975916,6.614703916
0.517,0.001,2.120071099,3.120071099,2.01914925,2.63614925,6.431994005,6.617338505
0.518,0.001,2.242707609,3.242707609,2.021391958,2.639391958,6.434014275,6.619976275
0.519,0.001,2.36498997,3.36498997,2.023756948,2.642756948,6.43603685,6.62261735
0.52,0.001,2.486898872,3.486898872,2.026243846,2.646243846,6.43806185,6.62526185
0.521,0.001,2.608415063,3.608415063,2.028852262,2.649852262,6.440089398,6.627909898
0.522,0.001,2.729519355,3.729519355,2.031581781,2.653581781,6.442119615,6.630561615
0.523,0.001,2.850192625,3.850192625,2.034431973,2.657431973,6.444152622,6.633217122
0.524,0.001,2.970415816,3.970415816,2.037402389,2.661402389,6.446188539,6.635876539
0.525,0.001,3.090169944,4.090169944,2.040492559,2.665492559,6.448227487,6.638539987
0.526,0.001,3.209436098,4.209436098,2.043701995,2.669701995,6.450269584,6.641207584
0.527,0.001,3.328195445,4.328195445,2.047030191,2.674030191,6.45231495,6.64387945
0.528,0.001,3.446429232,4.446429232,2.05047662,2.67847662,6.454363704,6.646555704
0.529,0.001,3.564118787,4.564118787,2.054040739,2.683040739,6.456415962,6.649236462
0.53,0.001,3.681245527,4.681245527,2.057721984,2.687721984,6.458471844,6.651921844
0.531,0.001,3.797790955,4.797790955,2.061519775,2.692519775,6.460531465,6.654611965
0.532,0.001,3.913736668,4.913736668,2.065433512,2.697433512,6.462594941,6.657306941
0.533,0.001,4.029064357,5.029064357,2.069462576,2.702462576,6.464662389,6.660006889
0.534,0.001,4.14375581,5.14375581,2.073606332,2.707606332,6.466733924,6.662711924
0.535,0.001,4.257792916,5.257792916,2.077864125,2.712864125,6.468809659,6.665422159
0.536,0.001,4.371157667,5.371157667,2.082235283,2.718235283,6.470889709,6.668137709
0.537,0.001,4.483832161,5.483832161,2.086719115,2.723719115,6.472974186,6.670858686
0.538,0.001,4.595798606,5.595798606,2.091314913,2.729314913,6.475063203,6.673585203
0.539,0.001,4.707039322,5.707039322,2.096021953,2.735021953,6.477156871,6.676317371
0.54,0.001,4.817536741,5.817536741,2.10083949,2.74083949,6.479255302,6.679055302
0.541,0.001,4.927273415,5.927273415,2.105766763,2.746766763,6.481358605,6.681799105
0.542,0.001,5.036232016,6.036232016,2.110802995,2.752802995,6.48346689,6.68454889
0.543,0.001,5.144395338,6.144395338,2.11594739,2.75894739,6.485580265,6.687304765
0.544,0.001,5.2517463,6.2517463,2.121199137,2.765199137,6.487698838,6.690066838
0.545,0.001,5.35826795,6.35826795,2.126557405,2.771557405,6.489822717,6.692835217
0.546,0.001,5.463943467,6.463943467,2.132021348,2.778021348,6.491952006,6.695610006
0.547,0.001,5.568756165,6.568756165,2.137590104,2.784590104,6.494086812,6.698391312
0.548,0.001,5.672689491,6.672689491,2.143262794,2.791262794,6.496227238,6.701179238
0.549,0.001,5.775727034,6.775727034,2.149038521,2.798038521,6.498373389,6.703973889
0.55,0.001,5.877852523,6.877852523,2.154916373,2.804916373,6.500525366,6.706775366
0.551,0.001,5.979049831,6.979049831,2.160895423,2.811895423,6.502683272,6.709583772
0.552,0.001,6.079302977,7.079302977,2.166974726,2.818974726,6.504847207,6.712399207
0.553,0.001,6.178596131,7.178596131,2.173153322,2.826153322,6.507017271,6.715221771
0.554,0.001,6.276913613,7.276913613,2.179430236,2.833430236,6.509193563,6.718051563
0.555,0.001,6.374239897,7.374239897,2.185804476,2.840804476,6.51137618,6.72088868
0.556,0.001,6.470559616,7.470559616,2.192275035,2.848275035,6.51356522,6.72373322
0.557,0.001,6.565857558,7.565857558,2.198840893,2.855840893,6.515760778,6.726585278
0.558,0.001,6.660118674,7.660118674,2.205501012,2.863501012,6.517962949,6.729444949
0.559,0.001,6.753328081,7.753328081,2.21225434,2.87125434,6.520171827,6.732312327
0.56,0.001,6.845471059,7.845471059,2.219099811,2.879099811,6.522387504,6.735187504
0.561,0.001,6.936533058,7.936533058,2.226036344,2.887036344,6.524610072,6.738070572
0.562,0.001,7.026499698,8.026499698,2.233062843,2.895062843,6.526839622,6.740961622
0.563,0.001,7.115356772,8.115356772,2.2401782,2.9031782,6.529076242,6.743860742
0.564,0.001,7.203090249,8.203090249,2.24738129,2.91138129,6.531320022,6.746768022
0.565,0.001,7.289686274,8.289686274,2.254670977,2.919670977,6.533571048,6.749683548
0.566,0.001,7.375131174,8.375131174,2.262046108,2.928046108,6.535829406,6.752607406
0.567,0.001,7.459411454,8.459411454,2.269505519,2.936505519,6.538095182,6.755539682
0.568,0.001,7.542513807,8.542513807,2.277048033,2.945048033,6.540368459,6.758480459
0.569,0.001,7.62442511,8.62442511,2.284672458,2.953672458,6.542649319,6.761429819
0.57,0.001,7.705132428,8.705132428,2.292377591,2.962377591,6.544937844,6.764387844
0.571,0.001,7.784623016,8.784623016,2.300162214,2.971162214,6.547234114,6.767354614
0.572,0.001,7.862884321,8.862884321,2.308025098,2.980025098,6.549538208,6.770330208
0.573,0.001,7.939903986,8.939903986,2.315965002,2.988965002,6.551850203,6.773314703
0.574,0.001,8.015669849,9.015669849,2.323980672,2.997980672,6.554170176,6.776308176
0.575,0.001,8.090169944,9.090169944,2.332070842,3.007070842,6.556498202,6.779310702
0.576,0.001,8.163392507,9.163392507,2.340234234,3.016234234,6.558834354,6.782322354
0.577,0.001,8.235325976,9.235325976,2.34846956,3.02546956,6.561178706,6.785343206
0.578,0.001,8.305958992,9.305958992,2.356775519,3.034775519,6.563531329,6.788373329
0.579,0.001,8.3752804,9.3752804,2.3651508,3.0441508,6.565892292,6.791412792
0.58,0.001,8.443279255,9.443279255,2.373594079,3.053594079,6.568261664,6.794461664
0.581,0.001,8.509944818,9.509944818,2.382104024,3.063104024,6.570639513,6.797520013
0.582,0.001,8.575266562,9.575266562,2.39067929,3.07267929,6.573025905,6.800587905
0.583,0.001,8.639234172,9.639234172,2.399318525,3.082318525,6.575420904,6.803665404
0.584,0.001,8.701837547,9.701837547,2.408020362,3.092020362,6.577824573,6.806752573
0.585,0.001,8.7630668,9.7630668,2.416783429,3.101783429,6.580236975,6.809849475
0.586,0.001,8.822912264,9.822912264,2.425606341,3.111606341,6.58265817,6.81295617
0.587,0.001,8.881364488,9.881364488,2.434487706,3.121487706,6.585088217,6.816072717
0.588,0.001,8.938414242,9.938414242,2.44342612,3.13142612,6.587527174,6.819199174
0.589,0.001,8.994052516,9.994052516,2.452420172,3.141420172,6.589975097,6.822335597
0.59,0.001,9.048270525,10.04827052,2.461468443,3.151468443,6.592432041,6.825482041
0.591,0.001,9.101059707,10.10105971,2.470569503,3.161569503,6.59489806,6.82863856
0.592,0.001,9.152411726,10.15241173,2.479721914,3.171721914,6.597373206,6.831805206
0.593,0.001,9.202318474,10.20231847,2.488924233,3.181924233,6.599857529,6.834982029
0.594,0.001,9.250772068,10.25077207,2.498175005,3.192175005,6.602351079,6.838169079
0.595,0.001,9.297764859,10.29776486,2.50747277,3.20247277,6.604853903,6.841366403
0.596,0.001,9.343289425,10.34328942,2.516816059,3.212816059,6.607366047,6.844574047
0.597,0.001,9.387338577,10.38733858,2.526203398,3.223203398,6.609887557,6.847792057
0.598,0.001,9.429905359,10.42990536,2.535633303,3.233633303,6.612418475,6.851020475
0.599,0.001,9.47098305,10.47098305,2.545104286,3.244104286,6.614958844,6.854259344
0.6,0.001,9.510565163,10.51056516,2.554614851,3.254614851,6.617508703,6.857508703
0.601,0.001,9.548645447,10.54864545,2.564163497,3.265163497,6.620068093,6.860768593
0.602,0.001,9.58521789,10.58521789,2.573748715,3.275748715,6.622637049,6.864039049
0.603,0.001,9.620276716,10.62027672,2.583368991,3.286368991,6.625215608,6.867320108
0.604,0.001,9.653816388,10.65381639,2.593022808,3.297022808,6.627803804,6.870611804
0.605,0.001,9.685831611,10.68583161,2.602708639,3.307708639,6.630401669,6.873914169
0.606,0.001,9.716317329,10.71631733,2.612424957,3.318424957,6.633009236,6.877227236
0.607,0.001,9.745268728,10.74526873,2.622170225,3.329170225,6.635626534,6.880551034
0.608,0.001,9.772681236,10.77268124,2.631942907,3.339942907,6.63825359,6.88388559
0.609,0.001,9.798550524,10.79855052,2.641741457,3.350741457,6.640890432,6.887230932
0.61,0.001,9.822872507,10.82287251,2.65156433,3.36156433,6.643537085,6.890587085
0.611,0.001,9.845643345,10.84564335,2.661409973,3.372409973,6.646193572,6.893954072
0.612,0.001,9.866859442,10.86685944,2.671276832,3.383276832,6.648859916,6.897331916
0.613,0.001,9.886517447,10.88651745,2.68116335,3.39416335,6.651536136,6.900720636
0.614,0.001,9.904614257,10.90461426,2.691067964,3.405067964,6.654222252,6.904120252
0.615,0.001,9.921147013,10.92114701,2.700989111,3.415989111,6.65691828,6.90753078
0.616,0.001,9.936113105,10.93611311,2.710925224,3.426925224,6.659624237,6.910952237
0.617,0.001,9.94951017,10.94951017,2.720874734,3.437874734,6.662340137,6.914384637
0.618,0.001,9.961336091,10.96133609,2.730836071,3.448836071,6.665065993,6.917827993
0.619,0.001,9.971589003,10.971589,2.74080766,3.45980766,6.667801815,6.921282315
0.62,0.001,9.980267284,10.98026728,2.750787927,3.470787927,6.670547612,6.924747612
0.621,0.001,9.987369566,10.98736957,2.760775296,3.481775296,6.673303394,6.928223894
0.622,0.001,9.992894726,10.99289473,2.770768191,3.492768191,6.676069166,6.931711166
0.623,0.001,9.996841893,10.99684189,2.780765033,3.503765033,6.678844932,6.935209432
0.624,0.001,9.999210442,10.99921044,2.790764243,3.514764243,6.681630697,6.938718697
0.625,0.001,10,11,2.800764243,3.525764243,6.684426461,6.942238961
0.626,0.001,9.999210442,10.99921044,2.810763454,3.536763454,6.687232225,6.945770225
0.627,0.001,9.996841893,10.99684189,2.820760296,3.547760296,6.690047987,6.949312487
0.628,0.001,9.992894726,10.99289473,2.830753191,3.558753191,6.692873744,6.952865744
0.629,0.001,9.987369566,10.98736957,2.84074056,3.56974056,6.695709491,6.956429991
0.63,0.001,9.980267284,10.98026728,2.850720827,3.580720827,6.698555221,6.960005221
0.631,0.001,9.971589003,10.971589,2.860692416,3.591692416,6.701410928,6.963591428
0.632,0.001,9.961336091,10.96133609,2.870653752,3.602653752,6.704276601,6.967188601
0.633,0.001,9.94951017,10.94951017,2.880603263,3.613603263,6.707152229,6.970796729
0.634,0.001,9.936113105,10.93611311,2.890539376,3.624539376,6.710037801,6.974415801
0.635,0.001,9.921147013,10.92114701,2.900460523,3.635460523,6.712933301,6.978045801
0.636,0.001,9.904614257,10.90461426,2.910365137,3.646365137,6.715838714,6.981686714
0.637,0.001,9.886517447,10.88651745,2.920251654,3.657251654,6.718754022,6.985338522
0.638,0.001,9.866859442,10.86685944,2.930118514,3.668118514,6.721679207,6.989001207
0.639,0.001,9.845643345,10.84564335,2.939964157,3.678964157,6.724614248,6.992674748
0.64,0.001,9.822872507,10.82287251,2.94978703,3.68978703,6.727559124,6.996359124
0.641,0.001,9.798550524,10.79855052,2.95958558,3.70058558,6.73051381,7.00005431
0.642,0.001,9.772681236,10.77268124,2.969358262,3.711358262,6.733478282,7.003760282
0.643,0.001,9.745268728,10.74526873,2.97910353,3.72210353,6.736452513,7.007477013
0.644,0.001,9.716317329,10.71631733,2.988819848,3.732819848,6.739436475,7.011204475
0.645,0.001,9.685831611,10.68583161,2.998505679,3.743505679,6.742430137,7.014942637
0.646,0.001,9.653816388,10.65381639,3.008159496,3.754159496,6.74543347,7.01869147
0.647,0.001,9.620276716,10.62027672,3.017779772,3.764779772,6.74844644,7.02245094
0.648,0.001,9.58521789,10.58521789,3.02736499,3.77536499,6.751469012,7.026221012
0.649,0.001,9.548645447,10.54864545,3.036913636,3.785913636,6.754501151,7.030001651
0.65,0.001,9.510565163,10.51056516,3.046424201,3.796424201,6.75754282,7.03379282
0.651,0.001,9.47098305,10.47098305,3.055895184,3.806895184,6.76059398,7.03759448
0.652,0.001,9.429905359,10.42990536,3.065325089,3.817325089,6.76365459,7.04140659
0.653,0.001,9.387338577,10.38733858,3.074712428,3.827712428,6.766724609,7.045229109
0.654,0.001,9.343289425,10.34328942,3.084055717,3.838055717,6.769803993,7.049061993
0.655,0.001,9.297764859,10.29776486,3.093353482,3.848353482,6.772892698,7.052905198
0.656,0.001,9.250772068,10.25077207,3.102604254,3.858604254,6.775990676,7.056758676
0.657,0.001,9.202318474,10.20231847,3.111806573,3.868806573,6.779097882,7.060622382
0.658,0.001,9.152411726,10.15241173,3.120958984,3.878958984,6.782214265,7.064496265
0.659,0.001,9.101059707,10.10105971,3.130060044,3.889060044,6.785339774,7.068380274
0.66,0.001,9.048270525,10.04827052,3.139108315,3.899108315,6.788474358,7.072274358
0.661,0.001,8.994052516,9.994052516,3.148102367,3.909102367,6.791617964,7.076178464
0.662,0.001,8.938414242,9.938414242,3.157040781,3.919040781,6.794770535,7.080092535
0.663,0.001,8.881364488,9.881364488,3.165922146,3.928922146,6.797932017,7.084016517
0.664,0.001,8.822912264,9.822912264,3.174745058,3.938745058,6.80110235,7.08795035
0.665,0.001,8.7630668,9.7630668,3.183508125,3.948508125,6.804281477,7.091893977
0.666,0.001,8.701837547,9.701837547,3.192209962,3.958209962,6.807469336,7.095847336
0.667,0.001,8.639234172,9.639234172,3.200849197,3.967849197,6.810665866,7.099810366
0.668,0.001,8.575266562,9.575266562,3.209424463,3.977424463,6.813871002,7.103783002
0.669,0.001,8.509944818,9.509944818,3.217934408,3.986934408,6.817084682,7.107765182
0.67,0.001,8.443279255,9.443279255,3.226377687,3.996377687,6.820306838,7.111756838
0.671,0.001,8.3752804,9.3752804,3.234752968,4.005752968,6.823537403,7.115757903
0.672,0.001,8.305958992,9.305958992,3.243058927,4.015058927,6.826776309,7.119768309
0.673,0.001,8.235325976,9.235325976,3.251294253,4.024294253,6.830023486,7.123787986
0.674,0.001,8.163392507,9.163392507,3.259457645,4.033457645,6.833278862,7.127816862
0.675,0.001,8.090169944,9.090169944,3.267547815,4.042547815,6.836542364,7.131854864
0.676,0.001,8.015669849,9.015669849,3.275563485,4.051563485,6.83981392,7.13590192
0.677,0.001,7.939903986,8.939903986,3.283503389,4.060503389,6.843093453,7.139957953
0.678,0.001,7.862884321,8.862884321,3.291366273,4.069366273,6.846380888,7.144022888
0.679,0.001,7.784623016,8.784623016,3.299150896,4.078150896,6.849676147,7.148096647
0.68,0.001,7.705132428,8.705132428,3.306856029,4.086856029,6.85297915,7.15217915
0.681,0.001,7.62442511,8.62442511,3.314480454,4.095480454,6.856289819,7.156270319
0.682,0.001,7.542513807,8.542513807,3.322022968,4.104022968,6.85960807,7.16037007
0.683,0.001,7.459411454,8.459411454,3.329482379,4.112482379,6.862933823,7.164478323
0.684,0.001,7.375131174,8.375131174,3.33685751,4.12085751,6.866266993,7.168594993
0.685,0.001,7.289686274,8.289686274,3.344147196,4.129147196,6.869607495,7.172719995
0.686,0.001,7.203090249,8.203090249,3.351350287,4.137350287,6.872955244,7.176853244
0.687,0.001,7.115356772,8.115356772,3.358465643,4.145465643,6.876310152,7.180994652
0.688,0.001,7.026499698,8.026499698,3.365492143,4.153492143,6.879672131,7.185144131
0.689,0.001,6.936533058,7.936533058,3.372428676,4.161428676,6.883041091,7.189301591
0.69,0.001,6.845471059,7.845471059,3.379274147,4.169274147,6.886416943,7.193466943
0.691,0.001,6.753328081,7.753328081,3.386027475,4.177027475,6.889799594,7.197640094
0.692,0.001,6.660118674,7.660118674,3.392687594,4.184687594,6.893188951,7.201820951
0.693,0.001,6.565857558,7.565857558,3.399253452,4.192253452,6.896584922,7.206009422
0.694,0.001,6.470559616,7.470559616,3.405724011,4.199724011,6.89998741,7.21020541
0.695,0.001,6.374239897,7.374239897,3.412098251,4.207098251,6.903396321,7.214408821
0.696,0.001,6.276913613,7.276913613,3.418375165,4.214375165,6.906811558,7.218619558
0.697,0.001,6.178596131,7.178596131,3.424553761,4.221553761,6.910233023,7.222837523
0.698,0.001,6.079302977,7.079302977,3.430633064,4.228633064,6.913660616,7.227062616
0.699,0.001,5.979049831,6.979049831,3.436612114,4.235612114,6.917094239,7.231294739
0.7,0.001,5.877852523,6.877852523,3.442489966,4.242489966,6.92053379,7.23553379
0.701,0.001,5.775727034,6.775727034,3.448265693,4.249265693,6.923979167,7.239779667
0.702,0.001,5.672689491,6.672689491,3.453938383,4.255938383,6.92743027,7.24403227
0.703,0.001,5.568756165,6.568756165,3.459507139,4.262507139,6.930886992,7.248291492
0.704,0.001,5.463943467,6.463943467,3.464971082,4.268971082,6.934349231,7.252557231
0.705,0.001,5.35826795,6.35826795,3.47032935,4.27532935,6.937816882,7.256829382
0.706,0.001,5.2517463,6.2517463,3.475581097,4.281581097,6.941289837,7.261107837
0.707,0.001,5.144395338,6.144395338,3.480725492,4.287725492,6.94476799,7.26539249
0.708,0.001,5.036232016,6.036232016,3.485761724,4.293761724,6.948251234,7.269683234
0.709,0.001,4.927273415,5.927273415,3.490688997,4.299688997,6.951739459,7.273979959
0.71,0.001,4.817536741,5.817536741,3.495506534,4.305506534,6.955232557,7.278282557
0.711,0.001,4.707039322,5.707039322,3.500213573,4.311213573,6.958730417,7.282590917
0.712,0.001,4.595798606,5.595798606,3.504809372,4.316809372,6.962232928,7.286904928
0.713,0.001,4.483832161,5.483832161,3.509293204,4.322293204,6.96573998,7.29122448
0.714,0.001,4.371157667,5.371157667,3.513664362,4.327664362,6.969251458,7.295549458
0.715,0.001,4.257792916,5.257792916,3.517922155,4.332922155,6.972767252,7.299879752
0.716,0.001,4.14375581,5.14375581,3.522065911,4.338065911,6.976287246,7.304215246
0.717,0.001,4.029064357,5.029064357,3.526094975,4.343094975,6.979811326,7.308555826
0.718,0.001,3.913736668,4.913736668,3.530008712,4.348008712,6.983339378,7.312901378
0.719,0.001,3.797790955,4.797790955,3.533806503,4.352806503,6.986871286,7.317251786
0.72,0.001,3.681245527,4.681245527,3.537487748,4.357487748,6.990406933,7.321606933
0.721,0.001,3.564118787,4.564118787,3.541051867,4.362051867,6.993946203,7.325966703
0.722,0.001,3.446429232,4.446429232,3.544498296,4.366498296,6.997488978,7.330330978
0.723,0.001,3.328195445,4.328195445,3.547826492,4.370826492,7.00103514,7.33469964
0.724,0.001,3.209436098,4.209436098,3.551035928,4.375035928,7.004584571,7.339072571
0.725,0.001,3.090169944,4.090169944,3.554126098,4.379126098,7.008137152,7.343449652
0.726,0.001,2.970415816,3.970415816,3.557096513,4.383096513,7.011692764,7.347830764
0.727,0.001,2.850192625,3.850192625,3.559946706,4.386946706,7.015251285,7.352215785
0.728,0.001,2.729519355,3.729519355,3.562676225,4.390676225,7.018812597,7.356604597
0.729,0.001,2.608415063,3.608415063,3.56528464,4.39428464,7.022376577,7.360997077
0.73,0.001,2.486898872,3.486898872,3.567771539,4.397771539,7.025943105,7.365393105
0.731,0.001,2.36498997,3.36498997,3.570136529,4.401136529,7.029512059,7.369792559
0.732,0.001,2.242707609,3.242707609,3.572379237,4.404379237,7.033083317,7.374195317
0.733,0.001,2.120071099,3.120071099,3.574499308,4.407499308,7.036656756,7.378601256
0.734,0.001,1.997099805,2.997099805,3.576496408,4.410496408,7.040232254,7.383010254
0.735,0.001,1.873813146,2.873813146,3.578370221,4.413370221,7.043809688,7.387422188
0.736,0.001,1.75023059,2.75023059,3.580120452,4.416120452,7.047388933,7.391836933
0.737,0.001,1.626371652,2.626371652,3.581746823,4.418746823,7.050969867,7.396254367
0.738,0.001,1.502255891,2.502255891,3.583249079,4.421249079,7.054552364,7.400674364
0.739,0.001,1.377902907,2.377902907,3.584626982,4.423626982,7.058136302,7.405096802
0.74,0.001,1.253332336,2.253332336,3.585880314,4.425880314,7.061721556,7.409521556
0.741,0.001,1.128563849,2.128563849,3.587008878,4.428008878,7.065308001,7.413948501
0.742,0.001,1.003617149,2.003617149,3.588012495,4.430012495,7.068895511,7.418377511
0.743,0.001,0.878511966,1.878511966,3.588891007,4.431891007,7.072483963,7.422808463
0.744,0.001,0.753268055,1.753268055,3.589644275,4.433644275,7.076073231,7.427241231
0.745,0.001,0.627905195,1.627905195,3.590272181,4.435272181,7.079663189,7.431675689
0.746,0.001,0.502443182,1.502443182,3.590774624,4.436774624,7.083253712,7.436111712
0.747,0.001,0.376901827,1.376901827,3.591151526,4.438151526,7.086844676,7.440549176
0.748,0.001,0.251300954,1.251300954,3.591402827,4.439402827,7.090435953,7.444987953
0.749,0.001,0.125660399,1.125660399,3.591528487,4.440528487,7.094027418,7.449427918
0.75,0.001,3.67545E-15,1,3.591528487,4.441528487,7.097618947,7.453868947
0.751,0.001,-0.125660399,0.874339601,3.591402827,4.442402827,7.101210412,7.458310912
0.752,0.001,-0.251300954,0.748699046,3.591151526,4.443151526,7.10480169,7.46275369
0.753,0.001,-0.376901827,0.623098173,3.590774624,4.443774624,7.108392653,7.467197153
0.754,0.001,-0.502443182,0.497556818,3.590272181,4.444272181,7.111983176,7.471641176
0.755,0.001,-0.627905195,0.372094805,3.589644275,4.444644275,7.115573134,7.476085634
0.756,0.001,-0.753268055,0.246731945,3.588891007,4.444891007,7.119162402,7.480530402
0.757,0.001,-0.878511966,0.121488034,3.588012495,4.445012495,7.122750854,7.484975354
0.758,0.001,-1.003617149,-0.003617149,3.587008878,4.445008878,7.126338364,7.489420364
0.759,0.001,-1.128563849,-0.128563849,3.585880314,4.444880314,7.129924809,7.493865309
0.76,0.001,-1.253332336,-0.253332336,3.584626982,4.444626982,7.133510063,7.498310063
0.761,0.001,-1.377902907,-0.377902907,3.583249079,4.444249079,7.137094001,7.502754501
0.762,0.001,-1.502255891,-0.502255891,3.581746823,4.443746823,7.140676499,7.507198499
0.763,0.001,-1.626371652,-0.626371652,3.580120452,4.443120452,7.144257432,7.511641932
0.764,0.001,-1.75023059,-0.75023059,3.578370221,4.442370221,7.147836678,7.516084678
0.765,0.001,-1.873813146,-0.873813146,3.576496408,4.441496408,7.151414111,7.520526611
0.766,0.001,-1.997099805,-0.997099805,3.574499308,4.440499308,7.154989609,7.524967609
0.767,0.001,-2.120071099,-1.120071099,3.572379237,4.439379237,7.158563048,7.529407548
0.768,0.001,-2.242707609,-1.242707609,3.570136529,4.438136529,7.162134306,7.533846306
0.769,0.001,-2.36498997,-1.36498997,3.567771539,4.436771539,7.16570326,7.53828376
0.77,0.001,-2.486898872,-1.486898872,3.56528464,4.43528464,7.169269788,7.542719788
0.771,0.001,-2.608415063,-1.608415063,3.562676225,4.433676225,7.172833769,7.547154269
0.772,0.001,-2.729519355,-1.729519355,3.559946706,4.431946706,7.17639508,7.55158708
0.773,0.001,-2.850192625,-1.850192625,3.557096513,4.430096513,7.179953602,7.556018102
0.774,0.001,-2.970415816,-1.970415816,3.554126098,4.428126098,7.183509213,7.560447213
0.775,0.001,-3.090169944,-2.090169944,3.551035928,4.426035928,7.187061794,7.564874294
0.776,0.001,-3.209436098,-2.209436098,3.547826492,4.423826492,7.190611225,7.569299225
0.777,0.001,-3.328195445,-2.328195445,3.544498296,4.421498296,7.194157388,7.573721888
0.778,0.001,-3.446429232,-2.446429232,3.541051867,4.419051867,7.197700163,7.578142163
0.779,0.001,-3.564118787,-2.564118787,3.537487748,4.416487748,7.201239432,7.582559932
0.78,0.001,-3.681245527,-2.681245527,3.533806503,4.413806503,7.20477508,7.58697508
0.781,0.001,-3.797790955,-2.797790955,3.530008712,4.411008712,7.208306987,7.591387487
0.782,0.001,-3.913736668,-2.913736668,3.526094975,4.408094975,7.211835039,7.595797039
0.783,0.001,-4.029064357,-3.029064357,3.522065911,4.405065911,7.215359119,7.600203619
0.784,0.001,-4.14375581,-3.14375581,3.517922155,4.401922155,7.218879113,7.604607113
0.785,0.001,-4.257792916,-3.257792916,3.513664362,4.398664362,7.222394907,7.609007407
0.786,0.001,-4.371157667,-3.371157667,3.509293204,4.395293204,7.225906386,7.613404386
0.787,0.001,-4.483832161,-3.483832161,3.504809372,4.391809372,7.229413437,7.617797937
0.788,0.001,-4.595798606,-3.595798606,3.500213573,4.388213573,7.232915948,7.622187948
0.789,0.001,-4.707039322,-3.707039322,3.495506534,4.384506534,7.236413808,7.626574308
0.79,0.001,-4.817536741,-3.817536741,3.490688997,4.380688997,7.239906906,7.630956906
0.791,0.001,-4.927273415,-3.927273415,3.485761724,4.376761724,7.243395131,7.635335631
0.792,0.001,-5.036232016,-4.036232016,3.480725492,4.372725492,7.246878375,7.639710375
0.793,0.001,-5.144395338,-4.144395338,3.475581097,4.368581097,7.250356528,7.644081028
0.794,0.001,-5.2517463,-4.2517463,3.47032935,4.36432935,7.253829484,7.648447484
0.795,0.001,-5.35826795,-4.35826795,3.464971082,4.359971082,7.257297134,7.652809634
0.796,0.001,-5.463943467,-4.463943467,3.459507139,4.355507139,7.260759373,7.657167373
0.797,0.001,-5.568756165,-4.568756165,3.453938383,4.350938383,7.264216096,7.661520596
0.798,0.001,-5.672689491,-4.672689491,3.448265693,4.346265693,7.267667198,7.665869198
0.799,0.001,-5.775727034,-4.775727034,3.442489966,4.341489966,7.271112576,7.670213076
0.8,0.001,-5.877852523,-4.877852523,3.436612114,4.336612114,7.274552127,7.674552127
0.801,0.001,-5.979049831,-4.979049831,3.430633064,4.331633064,7.277985749,7.678886249
0.802,0.001,-6.079302977,-5.079302977,3.424553761,4.326553761,7.281413343,7.683215343
0.803,0.001,-6.178596131,-5.178596131,3.418375165,4.321375165,7.284834807,7.687539307
0.804,0.001,-6.276913613,-5.276913613,3.412098251,4.316098251,7.288250044,7.691858044
0.805,0.001,-6.374239897,-5.374239897,3.405724011,4.310724011,7.291658955,7.696171455
0.806,0.001,-6.470559616,-5.470559616,3.399253452,4.305253452,7.295061444,7.700479444
0.807,0.001,-6.565857558,-5.565857558,3.392687594,4.299687594,7.298457414,7.704781914
0.808,0.001,-6.660118674,-5.660118674,3.386027475,4.294027475,7.301846772,7.709078772
0.809,0.001,-6.753328081,-5.753328081,3.379274147,4.288274147,7.305229422,7.713369922
0.81,0.001,-6.845471059,-5.845471059,3.372428676,4.282428676,7.308605274,7.717655274
0.811,0.001,-6.936533058,-5.936533058,3.365492143,4.276492143,7.311974234,7.721934734
0.812,0.001,-7.026499698,-6.026499698,3.358465643,4.270465643,7.315336213,7.726208213
0.813,0.001,-7.115356772,-6.115356772,3.351350287,4.264350287,7.318691121,7.730475621
0.814,0.001,-7.203090249,-6.203090249,3.344147196,4.258147196,7.32203887,7.73473687
0.815,0.001,-7.289686274,-6.289686274,3.33685751,4.25185751,7.325379372,7.738991872
0.816,0.001,-7.375131174,-6.375131174,3.329482379,4.245482379,7.328712542,7.743240542
0.817,0.001,-7.459411454,-6.459411454,3.322022968,4.239022968,7.332038295,7.747482795
0.818,0.001,-7.542513807,-6.542513807,3.314480454,4.232480454,7.335356547,7.751718547
0.819,0.001,-7.62442511,-6.62442511,3.306856029,4.225856029,7.338667215,7.755947715
0.82,0.001,-7.705132428,-6.705132428,3.299150896,4.219150896,7.341970218,7.760170218
0.821,0.001,-7.784623016,-6.784623016,3.291366273,4.212366273,7.345265477,7.764385977
0.822,0.001,-7.862884321,-6.862884321,3.283503389,4.205503389,7.348552912,7.768594912
0.823,0.001,-7.939903986,-6.939903986,3.275563485,4.198563485,7.351832445,7.772796945
0.824,0.001,-8.015669849,-7.015669849,3.267547815,4.191547815,7.355104001,7.776992001
0.825,0.001,-8.090169944,-7.090169944,3.259457645,4.184457645,7.358367504,7.781180004
0.826,0.001,-8.163392507,-7.163392507,3.251294253,4.177294253,7.361622879,7.785360879
0.827,0.001,-8.235325976,-7.235325976,3.243058927,4.170058927,7.364870056,7.789534556
0.828,0.001,-8.305958992,-7.305958992,3.234752968,4.162752968,7.368108962,7.793700962
0.829,0.001,-8.3752804,-7.3752804,3.226377687,4.155377687,7.371339527,7.797860027
0.83,0.001,-8.443279255,-7.443279255,3.217934408,4.147934408,7.374561683,7.802011683
0.831,0.001,-8.509944818,-7.509944818,3.209424463,4.140424463,7.377775363,7.806155863
0.832,0.001,-8.575266562,-7.575266562,3.200849197,4.132849197,7.3809805,7.8102925
0.833,0.001,-8.639234172,-7.639234172,3.192209962,4.125209962,7.384177029,7.814421529
0.834,0.001,-8.701837547,-7.701837547,3.183508125,4.117508125,7.387364888,7.818542888
0.835,0.001,-8.7630668,-7.7630668,3.174745058,4.109745058,7.390544015,7.822656515
0.836,0.001,-8.822912264,-7.822912264,3.165922146,4.101922146,7.393714348,7.826762348
0.837,0.001,-8.881364488,-7.881364488,3.157040781,4.094040781,7.39687583,7.83086033
0.838,0.001,-8.938414242,-7.938414242,3.148102367,4.086102367,7.400028402,7.834950402
0.839,0.001,-8.994052516,-7.994052516,3.139108315,4.078108315,7.403172007,7.839032507
0.84,0.001,-9.048270525,-8.048270525,3.130060044,4.070060044,7.406306591,7.843106591
0.841,0.001,-9.101059707,-8.101059707,3.120958984,4.061958984,7.409432101,7.847172601
0.842,0.001,-9.152411726,-8.152411726,3.111806573,4.053806573,7.412548483,7.851230483
0.843,0.001,-9.202318474,-8.202318474,3.102604254,4.045604254,7.415655689,7.855280189
0.844,0.001,-9.250772068,-8.250772068,3.093353482,4.037353482,7.418753668,7.859321668
0.845,0.001,-9.297764859,-8.297764859,3.084055717,4.029055717,7.421842372,7.863354872
0.846,0.001,-9.343289425,-8.343289425,3.074712428,4.020712428,7.424921756,7.867379756
0.847,0.001,-9.387338577,-8.387338577,3.065325089,4.012325089,7.427991775,7.871396275
0.848,0.001,-9.429905359,-8.429905359,3.055895184,4.003895184,7.431052385,7.875404385
0.849,0.001,-9.47098305,-8.47098305,3.046424201,3.995424201,7.434103545,7.879404045
0.85,0.001,-9.510565163,-8.510565163,3.036913636,3.986913636,7.437145214,7.883395214
0.851,0.001,-9.548645447,-8.548645447,3.02736499,3.97836499,7.440177353,7.887377853
0.852,0.001,-9.58521789,-8.58521789,3.017779772,3.969779772,7.443199925,7.891351925
0.853,0.001,-9.620276716,-8.620276716,3.008159496,3.961159496,7.446212895,7.895317395
0.854,0.001,-9.653816388,-8.653816388,2.998505679,3.952505679,7.449216228,7.899274228
0.855,0.001,-9.685831611,-8.685831611,2.988819848,3.943819848,7.45220989,7.90322239
0.856,0.001,-9.716317329,-8.716317329,2.97910353,3.93510353,7.455193852,7.907161852
0.857,0.001,-9.745268728,-8.745268728,2.969358262,3.926358262,7.458168083,7.911092583
0.858,0.001,-9.772681236,-8.772681236,2.95958558,3.91758558,7.461132555,7.915014555
0.859,0.001,-9.798550524,-8.798550524,2.94978703,3.90878703,7.464087241,7.918927741
0.86,0.001,-9.822872507,-8.822872507,2.939964157,3.899964157,7.467032117,7.922832117
0.861,0.001,-9.845643345,-8.845643345,2.930118514,3.891118514,7.469967158,7.926727658
0.862,0.001,-9.866859442,-8.866859442,2.920251654,3.882251654,7.472892343,7.930614343
0.863,0.001,-9.886517447,-8.886517447,2.910365137,3.873365137,7.475807652,7.934492152
0.864,0.001,-9.904614257,-8.904614257,2.900460523,3.864460523,7.478713065,7.938361065
0.865,0.001,-9.921147013,-8.921147013,2.890539376,3.855539376,7.481608564,7.942221064
0.866,0.001,-9.936113105,-8.936113105,2.880603263,3.846603263,7.484494136,7.946072136
0.867,0.001,-9.94951017,-8.94951017,2.870653752,3.837653752,7.487369764,7.949914264
0.868,0.001,-9.961336091,-8.961336091,2.860692416,3.828692416,7.490235437,7.953747437
0.869,0.001,-9.971589003,-8.971589003,2.850720827,3.819720827,7.493091144,7.957571644
0.87,0.001,-9.980267284,-8.980267284,2.84074056,3.81074056,7.495936875,7.961386875
0.871,0.001,-9.987369566,-8.987369566,2.830753191,3.801753191,7.498772622,7.965193122
0.872,0.001,-9.992894726,-8.992894726,2.820760296,3.792760296,7.501598378,7.968990378
0.873,0.001,-9.996841893,-8.996841893,2.810763454,3.783763454,7.50441414,7.97277864
0.874,0.001,-9.999210442,-8.999210442,2.800764243,3.774764243,7.507219904,7.976557904
0.875,0.001,-10,-9,2.790764243,3.765764243,7.510015668,7.980328168
0.876,0.001,-9.999210442,-8.999210442,2.780765033,3.756765033,7.512801433,7.984089433
0.877,0.001,-9.996841893,-8.996841893,2.770768191,3.747768191,7.5155772,7.9878417
0.878,0.001,-9.992894726,-8.992894726,2.760775296,3.738775296,7.518342971,7.991584971
0.879,0.001,-9.987369566,-8.987369566,2.750787927,3.729787927,7.521098753,7.995319253
0.88,0.001,-9.980267284,-8.980267284,2.74080766,3.72080766,7.523844551,7.999044551
0.881,0.001,-9.971589003,-8.971589003,2.730836071,3.711836071,7.526580373,8.002760873
0.882,0.001,-9.961336091,-8.961336091,2.720874734,3.702874734,7.529306228,8.006468228
0.883,0.001,-9.94951017,-8.94951017,2.710925224,3.693925224,7.532022128,8.010166628
0.884,0.001,-9.936113105,-8.936113105,2.700989111,3.684989111,7.534728085,8.013856085
0.885,0.001,-9.921147013,-8.921147013,2.691067964,3.676067964,7.537424114,8.017536614
0.886,0.001,-9.904614257,-8.904614257,2.68116335,3.66716335,7.540110229,8.021208229
0.887,0.001,-9.886517447,-8.886517447,2.671276832,3.658276832,7.542786449,8.024870949
0.888,0.001,-9.866859442,-8.866859442,2.661409973,3.649409973,7.545452793,8.028524793
0.889,0.001,-9.845643345,-8.845643345,2.65156433,3.64056433,7.54810928,8.03216978
0.89,0.001,-9.822872507,-8.822872507,2.641741457,3.631741457,7.550755933,8.035805933
0.891,0.001,-9.798550524,-8.798550524,2.631942907,3.622942907,7.553392775,8.039433275
0.892,0.001,-9.772681236,-8.772681236,2.622170225,3.614170225,7.556019832,8.043051832
0.893,0.001,-9.745268728,-8.745268728,2.612424957,3.605424957,7.558637129,8.046661629
0.894,0.001,-9.716317329,-8.716317329,2.602708639,3.596708639,7.561244696,8.050262696
0.895,0.001,-9.685831611,-8.685831611,2.593022808,3.588022808,7.563842562,8.053855062
0.896,0.001,-9.653816388,-8.653816388,2.583368991,3.579368991,7.566430758,8.057438758
0.897,0.001,-9.620276716,-8.620276716,2.573748715,3.570748715,7.569009316,8.061013816
0.898,0.001,-9.58521789,-8.58521789,2.564163497,3.562163497,7.571578273,8.064580273
0.899,0.001,-9.548645447,-8.548645447,2.554614851,3.553614851,7.574137662,8.068138162
0.9,0.001,-9.510565163,-8.510565163,2.545104286,3.545104286,7.576687521,8.071687521
0.901,0.001,-9.47098305,-8.47098305,2.535633303,3.536633303,7.57922789,8.07522839
0.902,0.001,-9.429905359,-8.429905359,2.526203398,3.528203398,7.581758808,8.078760808
0.903,0.001,-9.387338577,-8.387338577,2.516816059,3.519816059,7.584280318,8.082284818
0.904,0.001,-9.343289425,-8.343289425,2.50747277,3.51147277,7.586792463,8.085800463
0.905,0.001,-9.297764859,-8.297764859,2.498175005,3.503175005,7.589295286,8.089307786
0.906,0.001,-9.250772068,-8.250772068,2.488924233,3.494924233,7.591788836,8.092806836
0.907,0.001,-9.202318474,-8.202318474,2.479721914,3.486721914,7.594273159,8.096297659
0.908,0.001,-9.152411726,-8.152411726,2.470569503,3.478569503,7.596748305,8.099780305
0.909,0.001,-9.101059707,-8.101059707,2.461468443,3.470468443,7.599214324,8.103254824
0.91,0.001,-9.048270525,-8.048270525,2.452420172,3.462420172,7.601671268,8.106721268
0.911,0.001,-8.994052516,-7.994052516,2.44342612,3.45442612,7.604119191,8.110179691
0.912,0.001,-8.938414242,-7.938414242,2.434487706,3.446487706,7.606558148,8.113630148
0.913,0.001,-8.881364488,-7.881364488,2.425606341,3.438606341,7.608988195,8.117072695
0.914,0.001,-8.822912264,-7.822912264,2.416783429,3.430783429,7.61140939,8.12050739
0.915,0.001,-8.7630668,-7.7630668,2.408020362,3.423020362,7.613821792,8.123934292
0.916,0.001,-8.701837547,-7.701837547,2.399318525,3.415318525,7.616225461,8.127353461
0.917,0.001,-8.639234172,-7.639234172,2.39067929,3.40767929,7.61862046,8.13076496
0.918,0.001,-8.575266562,-7.575266562,2.382104024,3.400104024,7.621006852,8.134168852
0.919,0.001,-8.509944818,-7.509944818,2.373594079,3.392594079,7.623384701,8.137565201
0.92,0.001,-8.443279255,-7.443279255,2.3651508,3.3851508,7.625754073,8.140954073
0.921,0.001,-8.3752804,-7.3752804,2.356775519,3.377775519,7.628115037,8.144335537
0.922,0.001,-8.305958992,-7.305958992,2.34846956,3.37046956,7.630467659,8.147709659
0.923,0.001,-8.235325976,-7.235325976,2.340234234,3.363234234,7.632812011,8.151076511
0.924,0.001,-8.163392507,-7.163392507,2.332070842,3.356070842,7.635148164,8.154436164
0.925,0.001,-8.090169944,-7.090169944,2.323980672,3.348980672,7.637476189,8.157788689
0.926,0.001,-8.015669849,-7.015669849,2.315965002,3.341965002,7.639796162,8.161134162
0.927,0.001,-7.939903986,-6.939903986,2.308025098,3.335025098,7.642108157,8.164472657
0.928,0.001,-7.862884321,-6.862884321,2.300162214,3.328162214,7.644412251,8.167804251
0.929,0.001,-7.784623016,-6.784623016,2.292377591,3.321377591,7.646708521,8.171129021
0.93,0.001,-7.705132428,-6.705132428,2.284672458,3.314672458,7.648997046,8.174447046
0.931,0.001,-7.62442511,-6.62442511,2.277048033,3.308048033,7.651277906,8.177758406
0.932,0.001,-7.542513807,-6.542513807,2.269505519,3.301505519,7.653551183,8.181063183
0.933,0.001,-7.459411454,-6.459411454,2.262046108,3.295046108,7.655816959,8.184361459
0.934,0.001,-7.375131174,-6.375131174,2.254670977,3.288670977,7.658075317,8.187653317
0.935,0.001,-7.289686274,-6.289686274,2.24738129,3.28238129,7.660326343,8.190938843
0.936,0.001,-7.203090249,-6.203090249,2.2401782,3.2761782,7.662570123,8.194218123
0.937,0.001,-7.115356772,-6.115356772,2.233062843,3.270062843,7.664806744,8.197491244
0.938,0.001,-7.026499698,-6.026499698,2.226036344,3.264036344,7.667036293,8.200758293
0.939,0.001,-6.936533058,-5.936533058,2.219099811,3.258099811,7.669258861,8.204019361
0.94,0.001,-6.845471059,-5.845471059,2.21225434,3.25225434,7.671474538,8.207274538
0.941,0.001,-6.753328081,-5.753328081,2.205501012,3.246501012,7.673683416,8.210523916
0.942,0.001,-6.660118674,-5.660118674,2.198840893,3.240840893,7.675885587,8.213767587
0.943,0.001,-6.565857558,-5.565857558,2.192275035,3.235275035,7.678081145,8.217005645
0.944,0.001,-6.470559616,-5.470559616,2.185804476,3.229804476,7.680270185,8.220238185
0.945,0.001,-6.374239897,-5.374239897,2.179430236,3.224430236,7.682452802,8.223465302
0.946,0.001,-6.276913613,-5.276913613,2.173153322,3.219153322,7.684629094,8.226687094
0.947,0.001,-6.178596131,-5.178596131,2.166974726,3.213974726,7.686799158,8.229903658
0.948,0.001,-6.079302977,-5.079302977,2.160895423,3.208895423,7.688963093,8.233115093
0.949,0.001,-5.979049831,-4.979049831,2.154916373,3.203916373,7.691120999,8.236321499
0.95,0.001,-5.877852523,-4.877852523,2.149038521,3.199038521,7.693272976,8.239522976
0.951,0.001,-5.775727034,-4.775727034,2.143262794,3.194262794,7.695419127,8.242719627
0.952,0.001,-5.672689491,-4.672689491,2.137590104,3.189590104,7.697559553,8.245911553
0.953,0.001,-5.568756165,-4.568756165,2.132021348,3.185021348,7.699694359,8.249098859
0.954,0.001,-5.463943467,-4.463943467,2.126557405,3.180557405,7.701823649,8.252281649
0.955,0.001,-5.35826795,-4.35826795,2.121199137,3.176199137,7.703947527,8.255460027
0.956,0.001,-5.2517463,-4.2517463,2.11594739,3.17194739,7.7060661,8.2586341
0.957,0.001,-5.144395338,-4.144395338,2.110802995,3.167802995,7.708179475,8.261803975
0.958,0.001,-5.036232016,-4.036232016,2.105766763,3.163766763,7.71028776,8.26496976
0.959,0.001,-4.927273415,-3.927273415,2.10083949,3.15983949,7.712391063,8.268131563
0.96,0.001,-4.817536741,-3.817536741,2.096021953,3.156021953,7.714489494,8.271289494
0.961,0.001,-4.707039322,-3.707039322,2.091314913,3.152314913,7.716583162,8.274443662
0.962,0.001,-4.595798606,-3.595798606,2.086719115,3.148719115,7.718672179,8.277594179
0.963,0.001,-4.483832161,-3.483832161,2.082235283,3.145235283,7.720756657,8.280741157
0.964,0.001,-4.371157667,-3.371157667,2.077864125,3.141864125,7.722836706,8.283884706
0.965,0.001,-4.257792916,-3.257792916,2.073606332,3.138606332,7.724912442,8.287024942
0.966,0.001,-4.14375581,-3.14375581,2.069462576,3.135462576,7.726983976,8.290161976
0.967,0.001,-4.029064357,-3.029064357,2.065433512,3.132433512,7.729051424,8.293295924
0.968,0.001,-3.913736668,-2.913736668,2.061519775,3.129519775,7.731114901,8.296426901
0.969,0.001,-3.797790955,-2.797790955,2.057721984,3.126721984,7.733174522,8.299555022
0.97,0.001,-3.681245527,-2.681245527,2.054040739,3.124040739,7.735230403,8.302680403
0.971,0.001,-3.564118787,-2.564118787,2.05047662,3.12147662,7.737282662,8.305803162
0.972,0.001,-3.446429232,-2.446429232,2.047030191,3.119030191,7.739331415,8.308923415
0.973,0.001,-3.328195445,-2.328195445,2.043701995,3.116701995,7.741376781,8.312041281
0.974,0.001,-3.209436098,-2.209436098,2.040492559,3.114492559,7.743418878,8.315156878
0.975,0.001,-3.090169944,-2.090169944,2.037402389,3.112402389,7.745457826,8.318270326
0.976,0.001,-2.970415816,-1.970415816,2.034431973,3.110431973,7.747493743,8.321381743
0.977,0.001,-2.850192625,-1.850192625,2.031581781,3.108581781,7.74952675,8.32449125
0.978,0.001,-2.729519355,-1.729519355,2.028852262,3.106852262,7.751556967,8.327598967
0.979,0.001,-2.608415063,-1.608415063,2.026243846,3.105243846,7.753584515,8.330705015
0.98,0.001,-2.486898872,-1.486898872,2.023756948,3.103756948,7.755609515,8.333809515
0.981,0.001,-2.36498997,-1.36498997,2.021391958,3.102391958,7.75763209,8.33691259
0.982,0.001,-2.242707609,-1.242707609,2.01914925,3.10114925,7.75965236,8.34001436
0.983,0.001,-2.120071099,-1.120071099,2.017029179,3.100029179,7.76167045,8.34311495
0.984,0.001,-1.997099805,-0.997099805,2.015032079,3.099032079,7.76368648,8.34621448
0.985,0.001,-1.873813146,-0.873813146,2.013158266,3.098158266,7.765700575,8.349313075
0.986,0.001,-1.75023059,-0.75023059,2.011408035,3.097408035,7.767712859,8.352410859
0.987,0.001,-1.626371652,-0.626371652,2.009781664,3.096781664,7.769723453,8.355507953
0.988,0.001,-1.502255891,-0.502255891,2.008279408,3.096279408,7.771732484,8.358604484
0.989,0.001,-1.377902907,-0.377902907,2.006901505,3.095901505,7.773740074,8.361700574
0.99,0.001,-1.253332336,-0.253332336,2.005648173,3.095648173,7.775746349,8.364796349
0.991,0.001,-1.128563849,-0.128563849,2.004519609,3.095519609,7.777751433,8.367891933
0.992,0.001,-1.003617149,-0.003617149,2.003515992,3.095515992,7.779755451,8.370987451
0.993,0.001,-0.878511966,0.121488034,2.00263748,3.09563748,7.781758528,8.374083028
0.994,0.001,-0.753268055,0.246731945,2.001884212,3.095884212,7.783760789,8.377178789
0.995,0.001,-0.627905195,0.372094805,2.001256306,3.096256306,7.785762359,8.380274859
0.996,0.001,-0.502443182,0.497556818,2.000753863,3.096753863,7.787763364,8.383371364
0.997,0.001,-0.376901827,0.623098173,2.000376961,3.097376961,7.789763929,8.386468429
0.998,0.001,-0.251300954,0.748699046,2.00012566,3.09812566,7.791764181,8.389566181
0.999,0.001,-0.125660399,0.874339601,2,3.099,7.793764243,8.392664743
